,DATE,CLOSE,HIGH,LOW,OPEN
0,2014-02-01,0.001999,,,
1,2014-02-02,0.001999,,,
2,2014-02-03,0.00182,,,
3,2014-02-04,0.0019,,,
4,2014-02-05,0.00189,,,
5,2014-02-06,0.00189,,,
6,2014-02-07,0.00188,,,
7,2014-02-08,0.001,,,
8,2014-02-09,0.001,,,
9,2014-02-10,0.00115,,,
10,2014-02-11,0.0015,,,
11,2014-02-12,3.3e-05,,,
12,2014-02-13,0.0017,,,
13,2014-02-14,0.0015,,,
14,2014-02-15,0.0005,,,
15,2014-02-16,0.00185,,,
16,2014-02-17,0.002,,,
17,2014-02-18,0.002,,,
18,2014-02-19,0.0007503,,,
19,2014-02-20,0.0019,,,
20,2014-02-21,0.001599,,,
21,2014-02-22,0.0007,,,
22,2014-02-23,0.000155,,,
23,2014-02-24,0.000155,,,
24,2014-02-25,0.000155,,,
25,2014-02-26,0.00189,,,
26,2014-02-27,0.00198,,,
27,2014-02-28,0.001,,,
28,2014-03-01,0.00197,,,
29,2014-03-02,0.001,,,
30,2014-03-03,0.0013,,,
31,2014-03-04,0.0013,,,
32,2014-03-05,0.0013,,,
33,2014-03-06,0.0013,,,
34,2014-03-07,0.0013,,,
35,2014-03-08,0.0009,,,
36,2014-03-09,0.0007,,,
37,2014-03-10,0.0007,,,
38,2014-03-11,0.00135,,,
39,2014-03-12,0.0007,,,
40,2014-03-13,0.00099,,,
41,2014-03-14,0.00099,,,
42,2014-03-15,0.00099,,,
43,2014-03-16,0.00085,,,
44,2014-03-17,0.00085,,,
45,2014-03-18,0.000511,,,
46,2014-03-19,0.000511,,,
47,2014-03-20,0.000511,,,
48,2014-03-21,0.00198,,,
49,2014-03-22,0.0015,,,
50,2014-03-23,0.0015,,,
51,2014-03-24,0.0003,,,
52,2014-03-25,0.001,,,
53,2014-03-26,0.001,,,
54,2014-03-27,0.001,,,
55,2014-03-28,0.001,,,
56,2014-03-29,0.0004001,,,
57,2014-03-30,0.0004001,,,
58,2014-03-31,0.0004001,,,
59,2014-04-01,0.00055,,,
60,2014-04-02,0.00055,,,
61,2014-04-03,0.00048,,,
62,2014-04-04,0.00048,,,
63,2014-04-05,0.00048,,,
64,2014-04-06,0.000479,,,
65,2014-04-07,0.00055,,,
66,2014-04-08,0.00055,,,
67,2014-04-09,0.00055,,,
68,2014-04-10,0.0004,,,
69,2014-04-11,0.000322,,,
70,2014-04-12,0.000395,,,
71,2014-04-13,0.000251,,,
72,2014-04-14,0.00064,,,
73,2014-04-15,0.000644,,,
74,2014-04-16,0.00065,,,
75,2014-04-17,0.00059,,,
76,2014-04-18,0.00055,,,
77,2014-04-19,0.0005101,,,
78,2014-04-20,0.00062,,,
79,2014-04-21,0.00058,,,
80,2014-04-22,0.00069,,,
81,2014-04-23,0.000555,,,
82,2014-04-24,0.0006899,,,
83,2014-04-25,0.00055,,,
84,2014-04-26,0.0004791,,,
85,2014-04-27,0.00046,,,
86,2014-04-28,0.0002203,,,
87,2014-04-29,0.00052,,,
88,2014-04-30,0.00045,,,
89,2014-05-01,0.00045,,,
90,2014-05-02,0.000545,,,
91,2014-05-03,0.000545,,,
92,2014-05-04,0.00046,,,
93,2014-05-05,0.0005,,,
94,2014-05-06,0.0005,,,
95,2014-05-07,0.00089,,,
96,2014-05-08,0.00046,,,
97,2014-05-09,0.000155,,,
98,2014-05-10,0.0006,,,
99,2014-05-11,5.99e-05,,,
100,2014-05-12,5.01e-05,,,
101,2014-05-13,0.00048,,,
102,2014-05-14,0.0001,,,
103,2014-05-15,0.0001,,,
104,2014-05-16,0.0001,,,
105,2014-05-17,0.0001,,,
106,2014-05-18,0.00045,,,
107,2014-05-19,0.00045,,,
108,2014-05-20,0.0005698,,,
109,2014-05-21,0.0005697,,,
110,2014-05-22,0.00031,,,
111,2014-05-23,0.00054,,,
112,2014-05-24,0.00031,,,
113,2014-05-25,0.00032,,,
114,2014-05-26,0.00033,,,
115,2014-05-27,0.00034,,,
116,2014-05-28,0.00026,,,
117,2014-05-29,0.00029,,,
118,2014-05-30,0.0002901,,,
119,2014-05-31,0.00027,,,
120,2014-06-01,0.00036,,,
121,2014-06-02,0.00091,,,
122,2014-06-03,0.00028,,,
123,2014-06-04,0.0006499,,,
124,2014-06-05,0.000291,,,
125,2014-06-06,0.000292,,,
126,2014-06-07,0.0004499,,,
127,2014-06-08,0.0002925,,,
128,2014-06-09,0.00032,,,
129,2014-06-10,0.0003201,,,
130,2014-06-11,0.00033,,,
131,2014-06-12,0.0009,,,
132,2014-06-13,0.00035,,,
133,2014-06-14,0.00035,,,
134,2014-06-15,0.00035,,,
135,2014-06-16,0.00036,,,
136,2014-06-17,0.00035,,,
137,2014-06-18,0.00034,,,
138,2014-06-19,0.00035,,,
139,2014-06-20,0.00035,,,
140,2014-06-21,0.00045,,,
141,2014-06-22,0.00035,,,
142,2014-06-23,0.00034,,,
143,2014-06-24,0.00033,,,
144,2014-06-25,0.000415,,,
145,2014-06-26,0.000415,,,
146,2014-06-27,0.0004,,,
147,2014-06-28,0.0004,,,
148,2014-06-29,0.0004,,,
149,2014-06-30,0.00025,,,
150,2014-07-01,0.00025,,,
151,2014-07-02,0.00025,,,
152,2014-07-03,0.00022,,,
153,2014-07-04,0.00022,,,
154,2014-07-05,0.000215,,,
155,2014-07-06,0.00023,,,
156,2014-07-07,0.0002203,,,
157,2014-07-08,0.00024,,,
158,2014-07-09,0.00027,,,
159,2014-07-10,0.000265,,,
160,2014-07-11,0.004,,,
161,2014-07-12,0.00246,,,
162,2014-07-13,0.00027,,,
163,2014-07-14,0.00027,,,
164,2014-07-15,0.0002323,,,
165,2014-07-16,0.00025,,,
166,2014-07-17,0.00025,,,
167,2014-07-18,0.00025,,,
168,2014-07-19,0.00025,,,
169,2014-07-20,0.00026,,,
170,2014-07-21,0.00025,,,
171,2014-07-22,0.00022,,,
172,2014-07-23,0.0002222,,,
173,2014-07-24,0.00026,,,
174,2014-07-25,0.00024,,,
175,2014-07-26,0.00027,,,
176,2014-07-27,0.00021,,,
177,2014-07-28,0.00022,,,
178,2014-07-29,0.000238,,,
179,2014-07-30,0.00021,,,
180,2014-07-31,0.00024,,,
181,2014-08-01,0.0002499,,,
182,2014-08-02,0.000265,,,
183,2014-08-03,0.000265,,,
184,2014-08-04,0.000225,,,
185,2014-08-05,0.0002,,,
186,2014-08-06,0.0002,,,
187,2014-08-07,0.00024,,,
188,2014-08-08,0.00024,,,
189,2014-08-09,0.00022,,,
190,2014-08-10,0.00017,,,
191,2014-08-11,0.00017,,,
192,2014-08-12,0.000165,,,
193,2014-08-13,0.00017,,,
194,2014-08-14,0.000151,,,
195,2014-08-15,0.000151,,,
196,2014-08-16,0.00014,,,
197,2014-08-17,0.00014,,,
198,2014-08-18,0.00011,,,
199,2014-08-19,0.00011,,,
200,2014-08-20,0.00022,,,
201,2014-08-21,0.0002,,,
202,2014-08-22,0.0002,,,
203,2014-08-23,0.000126,,,
204,2014-08-24,0.000126,,,
205,2014-08-25,0.000125,,,
206,2014-08-26,0.000115,,,
207,2014-08-27,0.000115,,,
208,2014-08-28,0.000195,,,
209,2014-08-29,0.000195,,,
210,2014-08-30,0.000119,,,
211,2014-08-31,0.000119,,,
212,2014-09-01,0.000179,,,
213,2014-09-02,0.00012,,,
214,2014-09-03,0.00012,,,
215,2014-09-04,0.00025,,,
216,2014-09-05,0.00025,,,
217,2014-09-06,0.0002489,,,
218,2014-09-07,0.0002489,,,
219,2014-09-08,0.0002489,,,
220,2014-09-09,0.00022,,,
221,2014-09-10,0.0001511,,,
222,2014-09-11,0.0002488,,,
223,2014-09-12,0.0002488,,,
224,2014-09-13,0.0002,,,
225,2014-09-14,0.000225,,,
226,2014-09-15,0.0003311,,,
227,2014-09-16,0.0003311,,,
228,2014-09-17,0.0003311,,,
229,2014-09-18,0.0003139,,,
230,2014-09-19,0.00023,,,
231,2014-09-20,0.0002265,,,
232,2014-09-21,0.0002262,,,
233,2014-09-22,0.0002999,,,
234,2014-09-23,0.00031,,,
235,2014-09-24,0.0002981,,,
236,2014-09-25,0.000298,,,
237,2014-09-26,0.00059,,,
238,2014-09-27,0.00059,,,
239,2014-09-28,0.00057,,,
240,2014-09-29,0.00057,,,
241,2014-09-30,0.00045,,,
242,2014-10-01,0.000509,,,
243,2014-10-02,0.0003001,,,
244,2014-10-03,0.0003251,,,
245,2014-10-04,0.000347,,,
246,2014-10-05,0.00025,,,
247,2014-10-06,0.000325,,,
248,2014-10-07,0.00027,,,
249,2014-10-08,0.0002821,,,
250,2014-10-09,0.0002669,,,
251,2014-10-10,0.00027,,,
252,2014-10-11,0.0003,,,
253,2014-10-12,0.0002701,,,
254,2014-10-13,0.000275,,,
255,2014-10-14,0.000276,,,
256,2014-10-15,0.0002535,,,
257,2014-10-16,0.000299,,,
258,2014-10-17,0.000241,,,
259,2014-10-18,0.0003,,,
260,2014-10-19,0.000241,,,
261,2014-10-20,0.0002999,,,
262,2014-10-21,0.0002201,,,
263,2014-10-22,0.0002202,,,
264,2014-10-23,0.00028,,,
265,2014-10-24,0.000222,,,
266,2014-10-25,0.000222,,,
267,2014-10-26,0.0002222,,,
268,2014-10-27,0.00023,,,
269,2014-10-28,0.00027,,,
270,2014-10-29,0.00022,,,
271,2014-10-30,0.0002609,,,
272,2014-10-31,0.0002699,,,
273,2014-11-01,0.0002003,,,
274,2014-11-02,0.000205,,,
275,2014-11-03,0.0002699,,,
276,2014-11-04,0.000223,,,
277,2014-11-05,0.0001999,,,
278,2014-11-06,0.000238,,,
279,2014-11-07,0.000237,,,
280,2014-11-08,0.0002102,,,
281,2014-11-09,0.000211,,,
282,2014-11-10,0.0002365,,,
283,2014-11-11,0.0002298,,,
284,2014-11-12,0.000239,,,
285,2014-11-13,0.00025,,,
286,2014-11-14,0.000255,,,
287,2014-11-15,0.00022,,,
288,2014-11-16,0.000218,,,
289,2014-11-17,0.000215,,,
290,2014-11-18,0.0002397,,,
291,2014-11-19,0.000248,,,
292,2014-11-20,0.00023,,,
293,2014-11-21,0.0002059,,,
294,2014-11-22,0.0002165,,,
295,2014-11-23,0.00025,,,
296,2014-11-24,0.000231,,,
297,2014-11-25,0.0002305,,,
298,2014-11-26,0.000223,,,
299,2014-11-27,0.0002356,,,
300,2014-11-28,0.0002376,,,
301,2014-11-29,0.0002379,,,
302,2014-11-30,0.00023,,,
303,2014-12-01,0.000248,,,
304,2014-12-02,0.0002409,,,
305,2014-12-03,0.000238,,,
306,2014-12-04,0.0002293,,,
307,2014-12-05,0.0002359,,,
308,2014-12-06,0.0002336,,,
309,2014-12-07,0.0002249,,,
310,2014-12-08,0.000221,,,
311,2014-12-09,0.0002092,,,
312,2014-12-10,0.0002061,,,
313,2014-12-11,0.0002053,,,
314,2014-12-12,0.000205,,,
315,2014-12-13,0.0002075,,,
316,2014-12-14,0.0001934,,,
317,2014-12-15,0.0001937,,,
318,2014-12-16,0.0001717,,,
319,2014-12-17,0.0001816,,,
320,2014-12-18,0.0001778,,,
321,2014-12-19,0.000193,,,
322,2014-12-20,0.0002026,,,
323,2014-12-21,0.000195,,,
324,2014-12-22,0.0001937,,,
325,2014-12-23,0.0001999,,,
326,2014-12-24,0.00018,,,
327,2014-12-25,0.0001789,,,
328,2014-12-26,0.0001832,,,
329,2014-12-27,0.0001811,,,
330,2014-12-28,0.000181,,,
331,2014-12-29,0.0001818,,,
332,2014-12-30,0.0001823,,,
333,2014-12-31,0.0001854,,,
0,2015-01-01,0.0001849,,,
1,2015-01-02,0.0001888,,,
2,2015-01-03,0.00017,,,
3,2015-01-04,0.00016,,,
4,2015-01-05,0.0001641,,,
5,2015-01-06,0.0001699,,,
6,2015-01-07,0.0001792,,,
7,2015-01-08,0.00017,,,
8,2015-01-09,0.00018,,,
9,2015-01-10,0.0001692,,,
10,2015-01-11,0.0001586,,,
11,2015-01-12,0.0001585,,,
12,2015-01-13,0.0001396,,,
13,2015-01-14,0.0001488,,,
14,2015-01-15,0.0001402,,,
15,2015-01-16,0.0001512,,,
16,2015-01-17,0.0001351,,,
17,2015-01-18,0.0001382,,,
18,2015-01-19,0.002,,,
19,2015-01-20,0.00014,,,
20,2015-01-21,0.0001545,,,
21,2015-01-22,0.0001542,,,
22,2015-01-23,0.000148,,,
23,2015-01-24,0.000155,,,
24,2015-01-25,0.0001621,,,
25,2015-01-26,0.0001634,,,
26,2015-01-27,0.000157,,,
27,2015-01-28,0.000139,,,
28,2015-01-29,0.0001401,,,
29,2015-01-30,0.0001403,,,
30,2015-01-31,0.0001399,,,
31,2015-02-01,0.0001441,,,
32,2015-02-02,0.0001407,,,
33,2015-02-03,0.000145,,,
34,2015-02-04,0.000145,,,
35,2015-02-05,0.0001448,,,
36,2015-02-06,0.0001485,,,
37,2015-02-07,0.0001514,,,
38,2015-02-08,0.0001508,,,
39,2015-02-09,0.00015,,,
40,2015-02-10,0.0001495,,,
41,2015-02-11,0.0001392,,,
42,2015-02-12,0.0001256,,,
43,2015-02-13,0.0001337,,,
44,2015-02-14,0.0001489,,,
45,2015-02-15,0.0001387,,,
46,2015-02-16,0.0001433,,,
47,2015-02-17,0.0001404,,,
48,2015-02-18,0.0001468,,,
49,2015-02-19,0.0001407,,,
50,2015-02-20,0.0001442,,,
51,2015-02-21,0.0001443,,,
52,2015-02-22,0.0001383,,,
53,2015-02-23,0.0001408,,,
54,2015-02-24,0.0001411,,,
55,2015-02-25,0.0001356,,,
56,2015-02-26,0.0001405,,,
57,2015-02-27,0.0001484,,,
58,2015-02-28,0.0001413,,,
59,2015-03-01,0.0001454,,,
60,2015-03-02,0.0001498,,,
61,2015-03-03,0.000144,,,
62,2015-03-04,0.0001414,,,
63,2015-03-05,0.0001416,,,
64,2015-03-06,0.0001388,,,
65,2015-03-07,0.0001435,,,
66,2015-03-08,0.0001388,,,
67,2015-03-09,0.0001394,,,
68,2015-03-10,0.0001406,,,
69,2015-03-11,0.0001452,,,
70,2015-03-12,0.0001403,,,
71,2015-03-13,0.0001406,,,
72,2015-03-14,0.0001393,,,
73,2015-03-15,0.00014,,,
74,2015-03-16,0.0001401,,,
75,2015-03-17,0.000141,,,
76,2015-03-18,0.000131,,,
77,2015-03-19,0.0001319,,,
78,2015-03-20,0.0001336,,,
79,2015-03-21,0.0001264,,,
80,2015-03-22,0.0001311,,,
81,2015-03-23,0.0001345,,,
82,2015-03-24,0.0001335,,,
83,2015-03-25,0.0001288,,,
84,2015-03-26,0.00013,,,
85,2015-03-27,0.0001306,,,
86,2015-03-28,0.0001299,,,
87,2015-03-29,0.0001246,,,
88,2015-03-30,0.0001258,,,
89,2015-03-31,0.0001221,,,
90,2015-04-01,0.0001209,,,
91,2015-04-02,0.0001271,,,
92,2015-04-03,0.0001249,,,
93,2015-04-04,0.0001264,,,
94,2015-04-05,0.0001249,,,
95,2015-04-06,0.0001225,,,
96,2015-04-07,0.0001195,,,
97,2015-04-08,0.0001189,,,
98,2015-04-09,0.0001144,,,
99,2015-04-10,0.0001105,,,
100,2015-04-11,0.0001125,,,
101,2015-04-12,0.0001127,,,
102,2015-04-13,0.000113,,,
103,2015-04-14,1.5e-05,,,
104,2015-04-15,6.16e-05,,,
105,2015-04-16,7.02e-05,,,
106,2015-04-17,8.38e-05,,,
107,2015-04-18,8.41e-05,,,
108,2015-04-19,8.43e-05,,,
109,2015-04-20,0.0001665,,,
110,2015-04-21,8.51e-05,,,
111,2015-04-22,0.0001111,,,
112,2015-04-23,0.0001034,,,
113,2015-04-24,0.0001055,,,
114,2015-04-25,9.98e-05,,,
115,2015-04-26,9.93e-05,,,
116,2015-04-27,0.0001104,,,
117,2015-04-28,0.0001039,,,
118,2015-04-29,0.0001014,,,
119,2015-04-30,0.0001046,,,
120,2015-05-01,0.0001,,,
121,2015-05-02,9.99e-05,,,
122,2015-05-03,9.62e-05,,,
123,2015-05-04,9.17e-05,,,
124,2015-05-05,9.1e-05,,,
125,2015-05-06,9.04e-05,,,
126,2015-05-07,8.7e-05,,,
127,2015-05-08,8.94e-05,,,
128,2015-05-09,8.97e-05,,,
129,2015-05-10,9.23e-05,,,
130,2015-05-11,9.02e-05,,,
131,2015-05-12,0.0001127,,,
132,2015-05-13,0.0001159,,,
133,2015-05-14,0.0001125,,,
134,2015-05-15,0.0001208,,,
135,2015-05-16,0.0001186,,,
136,2015-05-17,0.0001163,,,
137,2015-05-18,0.0001139,,,
138,2015-05-19,0.0001178,,,
139,2015-05-20,0.0001261,,,
140,2015-05-21,0.0001294,,,
141,2015-05-22,0.0001307,,,
142,2015-05-23,0.0001364,,,
143,2015-05-24,0.0001437,,,
144,2015-05-25,0.0001409,,,
145,2015-05-26,0.0001481,,,
146,2015-05-27,0.0001898,,,
147,2015-05-28,0.002,,,
148,2015-05-29,0.000178,,,
149,2015-05-30,0.00016,,,
150,2015-05-31,0.0001518,,,
151,2015-06-01,0.0001467,,,
152,2015-06-02,0.000175,,,
153,2015-06-03,0.000154,,,
154,2015-06-04,0.0001409,,,
155,2015-06-05,0.0001503,,,
156,2015-06-06,0.00017,,,
157,2015-06-07,0.00017,,,
158,2015-06-08,0.00017,,,
159,2015-06-09,0.000155,,,
160,2015-06-10,0.000155,,,
161,2015-06-11,0.0001525,,,
162,2015-06-12,0.000156,,,
163,2015-06-13,0.000156,,,
164,2015-06-14,0.00017,,,
165,2015-06-15,0.00014,,,
166,2015-06-16,0.000179,,,
167,2015-06-17,0.00021,,,
168,2015-06-18,0.00021,,,
169,2015-06-19,0.000191,,,
170,2015-06-20,0.00019,,,
171,2015-06-21,0.0001878,,,
172,2015-06-22,0.000195,,,
173,2015-06-23,0.000182,,,
174,2015-06-24,0.0001999,,,
175,2015-06-25,0.00018,,,
176,2015-06-26,0.000185,,,
177,2015-06-27,0.00019,,,
178,2015-06-28,0.000185,,,
179,2015-06-29,9.9e-05,,,
180,2015-06-30,0.0001995,,,
181,2015-07-01,0.0001905,,,
182,2015-07-02,0.000189,,,
183,2015-07-03,0.0001891,,,
184,2015-07-04,0.0001928,,,
185,2015-07-05,0.0001903,,,
186,2015-07-06,0.0001963,,,
187,2015-07-07,0.0001954,,,
188,2015-07-08,0.0001947,,,
189,2015-07-09,0.0002035,,,
190,2015-07-10,0.00019,,,
191,2015-07-11,0.0002004,,,
192,2015-07-12,0.0002038,,,
193,2015-07-13,0.0001981,,,
194,2015-07-14,0.0001995,,,
195,2015-07-15,0.00019,,,
196,2015-07-16,0.0001776,,,
197,2015-07-17,0.0001788,,,
198,2015-07-18,0.0001824,,,
199,2015-07-19,0.0001716,,,
200,2015-07-20,0.0001707,,,
201,2015-07-21,0.00017,,,
202,2015-07-22,0.000188,,,
203,2015-07-23,0.0001766,,,
204,2015-07-24,0.0001899,,,
205,2015-07-25,0.0001906,,,
206,2015-07-26,0.0001873,,,
207,2015-07-27,0.0001921,,,
208,2015-07-28,0.0001901,,,
209,2015-07-29,0.0001837,,,
210,2015-07-30,0.0001836,,,
211,2015-07-31,0.0001849,,,
212,2015-08-01,0.0001702,,,
213,2015-08-02,0.0001772,,,
214,2015-08-03,0.0001737,,,
215,2015-08-04,0.0001778,,,
216,2015-08-05,0.0001703,,,
217,2015-08-06,0.0001724,,,
218,2015-08-07,0.0001651,,,
219,2015-08-08,0.0001661,,,
220,2015-08-09,0.0001618,,,
221,2015-08-10,0.0001636,,,
222,2015-08-11,0.0001584,,,
223,2015-08-12,0.0001609,,,
224,2015-08-13,0.0001598,,,
225,2015-08-14,0.0001564,,,
226,2015-08-15,0.0001548,,,
227,2015-08-16,0.0001536,,,
228,2015-08-17,0.0001534,,,
229,2015-08-18,0.0001464,,,
230,2015-08-19,0.0001382,,,
231,2015-08-20,0.0001401,,,
232,2015-08-21,0.0001474,,,
233,2015-08-22,0.0001428,,,
234,2015-08-23,0.0001479,,,
235,2015-08-24,0.0001369,,,
236,2015-08-25,0.0001318,,,
237,2015-08-26,0.0001323,,,
238,2015-08-27,0.0001329,,,
239,2015-08-28,0.0001304,,,
240,2015-08-29,0.0001313,,,
241,2015-08-30,0.0001277,,,
242,2015-08-31,0.000125,,,
243,2015-09-01,0.0001299,,,
244,2015-09-02,0.0001289,,,
245,2015-09-03,0.0001254,,,
246,2015-09-04,0.0001237,,,
247,2015-09-05,0.0001266,,,
248,2015-09-06,0.000132,,,
249,2015-09-07,0.0001292,,,
250,2015-09-08,0.0001357,,,
251,2015-09-09,0.0001308,,,
252,2015-09-10,0.0001309,,,
253,2015-09-11,0.0001225,,,
254,2015-09-12,0.0001283,,,
255,2015-09-13,0.0001252,,,
256,2015-09-14,0.000125,,,
257,2015-09-15,0.0001249,,,
258,2015-09-16,0.0001221,,,
259,2015-09-17,0.0001279,,,
260,2015-09-18,0.0001255,,,
261,2015-09-19,0.0001298,,,
262,2015-09-20,0.00013,,,
263,2015-09-21,0.0001287,,,
264,2015-09-22,0.0001253,,,
265,2015-09-23,0.0001269,,,
266,2015-09-24,0.000122,,,
267,2015-09-25,0.0001224,,,
268,2015-09-26,0.0001258,,,
269,2015-09-27,0.0001219,,,
270,2015-09-28,0.0001249,,,
271,2015-09-29,0.0001239,,,
272,2015-09-30,0.0001246,,,
273,2015-10-01,0.0001225,,,
274,2015-10-02,0.0001213,,,
275,2015-10-03,0.0001243,,,
276,2015-10-04,0.0001238,,,
277,2015-10-05,0.0001202,,,
278,2015-10-06,0.0001204,,,
279,2015-10-07,0.0001235,,,
280,2015-10-08,0.0001228,,,
281,2015-10-09,0.0001176,,,
282,2015-10-10,0.000118,,,
283,2015-10-11,0.0001239,,,
284,2015-10-12,0.0001258,,,
285,2015-10-13,0.0001227,,,
286,2015-10-14,0.0001246,,,
287,2015-10-15,0.0001239,,,
288,2015-10-16,0.0001219,,,
289,2015-10-17,0.0001216,,,
290,2015-10-18,0.0001207,,,
291,2015-10-19,0.0001202,,,
292,2015-10-20,0.0001209,,,
293,2015-10-21,0.00012,,,
294,2015-10-22,0.0001167,,,
295,2015-10-23,0.0001169,,,
296,2015-10-24,0.0001154,,,
297,2015-10-25,0.0001161,,,
298,2015-10-26,0.0001162,,,
299,2015-10-27,0.0001161,,,
300,2015-10-28,0.0001209,,,
301,2015-10-29,0.00013,,,
302,2015-10-30,0.00013,,,
303,2015-10-31,0.0001303,,,
304,2015-11-01,0.0001325,,,
305,2015-11-02,0.0001364,,,
306,2015-11-03,0.000155,,,
307,2015-11-04,0.00014,,,
308,2015-11-05,0.0001544,,,
309,2015-11-06,0.00016,,,
310,2015-11-07,0.0001442,,,
311,2015-11-08,0.00014,,,
312,2015-11-09,0.00014,,,
313,2015-11-10,0.0001229,,,
314,2015-11-11,0.00013,,,
315,2015-11-12,0.0001345,,,
316,2015-11-13,0.000115,,,
317,2015-11-14,0.00013,,,
318,2015-11-15,0.00014,,,
319,2015-11-16,0.000125,,,
320,2015-11-17,0.000139,,,
321,2015-11-18,0.00014,,,
322,2015-11-19,0.000131,,,
323,2015-11-20,0.0001275,,,
324,2015-11-21,0.0001359,,,
325,2015-11-22,0.0001322,,,
326,2015-11-23,0.0001317,,,
327,2015-11-24,0.000134,,,
328,2015-11-25,0.00014,,,
329,2015-11-26,0.000145,,,
330,2015-11-27,0.00013,,,
331,2015-11-28,0.0001339,,,
332,2015-11-29,0.0001325,,,
333,2015-11-30,0.00014,,,
334,2015-12-01,0.000128,,,
335,2015-12-02,0.000125,,,
336,2015-12-03,0.000135,,,
337,2015-12-04,0.0001281,,,
338,2015-12-05,0.0001249,,,
339,2015-12-06,0.000122,,,
340,2015-12-07,0.000124,,,
341,2015-12-08,0.0001252,,,
342,2015-12-09,0.0001399,,,
343,2015-12-10,0.00013,,,
344,2015-12-11,0.00014,,,
345,2015-12-12,0.0001311,,,
346,2015-12-13,0.00014,,,
347,2015-12-14,0.000139,,,
348,2015-12-15,0.00014,,,
349,2015-12-16,0.000139,,,
350,2015-12-17,0.0001825,,,
351,2015-12-18,0.0001749,,,
352,2015-12-19,0.000165,,,
353,2015-12-20,0.000164,,,
354,2015-12-21,0.000164,,,
355,2015-12-22,0.000161,,,
356,2015-12-23,0.000136,,,
357,2015-12-24,0.0001747,,,
358,2015-12-25,0.00016,,,
359,2015-12-26,0.000167,,,
360,2015-12-27,0.00016,,,
361,2015-12-28,0.000135,,,
362,2015-12-29,0.000136,,,
363,2015-12-30,0.000135,,,
364,2015-12-31,0.0001805,,,
365,2016-01-01,0.00018,,,
366,2016-01-02,0.000169,,,
367,2016-01-03,0.000169,,,
368,2016-01-04,0.000149,,,
369,2016-01-05,0.000177,,,
370,2016-01-06,0.000181,,,
371,2016-01-07,0.0001741,,,
372,2016-01-08,0.0001705,,,
373,2016-01-09,0.0001915,,,
374,2016-01-10,0.000179,,,
375,2016-01-11,0.0002199,,,
376,2016-01-12,0.00021,,,
377,2016-01-13,0.00021,,,
378,2016-01-14,0.0001851,,,
379,2016-01-15,0.0001852,,,
380,2016-01-16,0.000175,,,
381,2016-01-17,0.000162,,,
382,2016-01-18,0.000149,,,
383,2016-01-19,0.000156,,,
384,2016-01-20,0.00016,,,
385,2016-01-21,0.00016,,,
386,2016-01-22,0.00017,,,
387,2016-01-23,0.000165,,,
388,2016-01-24,0.0001666,,,
389,2016-01-25,0.000215,,,
390,2016-01-26,0.0001975,,,
391,2016-01-27,0.0002121,,,
392,2016-01-28,0.00045,,,
393,2016-01-29,0.00045,,,
394,2016-01-30,0.0003,,,
395,2016-01-31,0.0003,,,
396,2016-02-01,0.0001681,,,
397,2016-02-02,0.00028,,,
398,2016-02-03,0.000278,,,
399,2016-02-04,0.0009121,,,
400,2016-02-05,0.000348,,,
401,2016-02-06,0.000346,,,
402,2016-02-07,0.000346,,,
403,2016-02-08,0.000328,,,
404,2016-02-09,0.0005121,,,
405,2016-02-10,0.0003293,,,
406,2016-02-11,0.0001452,,,
407,2016-02-12,0.0005121,,,
408,2016-02-13,0.0005121,,,
409,2016-02-14,0.00032,,,
410,2016-02-15,0.00031,,,
411,2016-02-16,0.000319,,,
412,2016-02-17,0.000315,,,
413,2016-02-18,0.0003139,,,
414,2016-02-19,0.000299,,,
415,2016-02-20,0.0003,,,
416,2016-02-21,0.0003,,,
417,2016-02-22,0.0002801,,,
418,2016-02-23,0.000298,,,
419,2016-02-24,0.000299,,,
420,2016-02-25,0.0002807,,,
421,2016-02-26,0.000279,,,
422,2016-02-27,0.0005111,,,
423,2016-02-28,0.00026,,,
424,2016-02-29,0.000295,,,
425,2016-03-01,0.00051,,,
426,2016-03-02,0.0001453,,,
427,2016-03-03,0.0002374,,,
428,2016-03-04,0.0002382,,,
429,2016-03-05,0.0002188,,,
430,2016-03-06,0.000218,,,
431,2016-03-07,0.0002275,,,
432,2016-03-08,0.0002184,,,
433,2016-03-09,0.0002252,,,
434,2016-03-10,0.0002403,,,
435,2016-03-11,0.000244,,,
436,2016-03-12,0.0002397,,,
437,2016-03-13,0.0002361,,,
438,2016-03-14,0.0002385,,,
439,2016-03-15,0.0002371,,,
440,2016-03-16,0.0002273,,,
441,2016-03-17,0.000221,,,
442,2016-03-18,0.0002397,,,
443,2016-03-19,0.00027,,,
444,2016-03-20,0.00022,,,
445,2016-03-21,4.5e-05,,,
446,2016-03-22,0.00023,,,
447,2016-03-23,0.000233,,,
448,2016-03-24,0.000232,,,
449,2016-03-25,0.0003218,,,
450,2016-03-26,0.0002329,,,
451,2016-03-27,0.0002328,,,
452,2016-03-28,0.0002297,,,
453,2016-03-29,0.000235,,,
454,2016-03-30,0.00024,,,
455,2016-03-31,0.000249,,,
456,2016-04-01,0.000248,,,
457,2016-04-02,0.000243,,,
458,2016-04-03,0.000337,,,
459,2016-04-04,0.000229,,,
460,2016-04-05,0.0002122,,,
461,2016-04-06,0.000229,,,
462,2016-04-07,0.000235,,,
463,2016-04-08,0.000235,,,
464,2016-04-09,0.0002269,,,
465,2016-04-10,0.0002249,,,
466,2016-04-11,0.000225,,,
467,2016-04-12,0.000235,,,
468,2016-04-13,0.000243,,,
469,2016-04-14,0.0001169,,,
470,2016-04-15,0.0002434,,,
471,2016-04-16,0.0002431,,,
472,2016-04-17,0.000288,,,
473,2016-04-18,0.0002489,,,
474,2016-04-19,0.0002346,,,
475,2016-04-20,0.000225,,,
476,2016-04-21,0.00023,,,
477,2016-04-22,0.0002344,,,
478,2016-04-23,0.0002344,,,
479,2016-04-24,0.0002344,,,
480,2016-04-25,0.000269,,,
481,2016-04-26,0.000223,,,
482,2016-04-27,0.000248,,,
483,2016-04-28,0.000275,,,
484,2016-04-29,0.0002749,,,
485,2016-04-30,0.0002749,,,
486,2016-05-01,0.000296,,,
487,2016-05-02,0.00024,,,
488,2016-05-03,0.000235,,,
489,2016-05-04,0.0002323,,,
490,2016-05-05,0.0002485,,,
491,2016-05-06,0.00027,,,
492,2016-05-07,0.0002499,,,
493,2016-05-08,0.0002498,,,
494,2016-05-09,0.000222,,,
495,2016-05-10,0.0002348,,,
496,2016-05-11,0.0002345,,,
497,2016-05-12,0.0002344,,,
498,2016-05-13,0.0002439,,,
499,2016-05-14,0.0002648,,,
500,2016-05-15,0.0002335,,,
501,2016-05-16,0.00025,,,
502,2016-05-17,0.00025,,,
503,2016-05-18,0.00024,,,
504,2016-05-19,0.000255,,,
505,2016-05-20,0.0003081,,,
506,2016-05-21,0.000247,,,
507,2016-05-22,0.000121,,,
508,2016-05-23,0.000245,,,
509,2016-05-24,0.0002366,,,
510,2016-05-25,0.000235,,,
511,2016-05-26,0.00023,,,
512,2016-05-27,0.00023,,,
513,2016-05-28,0.000229,,,
514,2016-05-29,0.0002298,,,
515,2016-05-30,0.000255,,,
516,2016-05-31,0.000243,,,
517,2016-06-01,0.00024,,,
518,2016-06-02,0.00024,,,
519,2016-06-03,0.000234,,,
520,2016-06-04,0.000241,,,
521,2016-06-05,0.000241,,,
522,2016-06-06,0.000252,,,
523,2016-06-07,0.0002466,,,
524,2016-06-08,0.0002498,,,
525,2016-06-09,0.0005,,,
526,2016-06-10,0.00029,,,
527,2016-06-11,0.0002666,,,
528,2016-06-12,0.000275,,,
529,2016-06-13,0.000468,,,
530,2016-06-14,0.00032,,,
531,2016-06-15,0.0003339,,,
532,2016-06-16,0.00035,,,
533,2016-06-17,0.0003399,,,
534,2016-06-18,0.00033,,,
535,2016-06-19,0.00034,,,
536,2016-06-20,0.00033,,,
537,2016-06-21,0.00033,,,
538,2016-06-22,0.000325,,,
539,2016-06-23,0.0003099,,,
540,2016-06-24,0.0003099,,,
541,2016-06-25,0.000295,,,
542,2016-06-26,0.000292,,,
543,2016-06-27,0.0003099,,,
544,2016-06-28,0.00029,,,
545,2016-06-29,0.00029,,,
546,2016-06-30,0.0002902,,,
547,2016-07-01,0.0002936,,,
548,2016-07-02,0.0002976,,,
549,2016-07-03,0.0002982,,,
550,2016-07-04,0.0002988,,,
551,2016-07-05,0.0002999,,,
552,2016-07-06,0.000299,,,
553,2016-07-07,0.0003,,,
554,2016-07-08,0.0003,,,
555,2016-07-09,0.0003,,,
556,2016-07-10,0.000296,,,
557,2016-07-11,0.0003,,,
558,2016-07-12,0.00029,,,
559,2016-07-13,0.000275,,,
560,2016-07-14,0.0002749,,,
561,2016-07-15,0.000275,,,
562,2016-07-16,0.00028,,,
563,2016-07-17,0.00028,,,
564,2016-07-18,0.00029,,,
565,2016-07-19,0.0002853,,,
566,2016-07-20,0.00027,,,
567,2016-07-21,0.00027,,,
568,2016-07-22,0.00027,,,
569,2016-07-23,0.000265,,,
570,2016-07-24,0.000265,,,
571,2016-07-25,0.0002521,,,
572,2016-07-26,0.000271,,,
573,2016-07-27,0.000271,,,
574,2016-07-28,0.00027,,,
575,2016-07-29,0.00026,,,
576,2016-07-30,0.000275,,,
577,2016-07-31,0.00025,,,
578,2016-08-01,0.000249,,,
579,2016-08-02,0.00025,,,
580,2016-08-03,0.0002495,,,
581,2016-08-04,0.00024,,,
582,2016-08-05,0.000245,,,
583,2016-08-06,0.0002002,,,
584,2016-08-07,0.000288,,,
585,2016-08-08,0.000276,,,
586,2016-08-09,0.00027,,,
587,2016-08-10,0.00028,,,
588,2016-08-11,0.00026,,,
589,2016-08-12,0.00027,,,
590,2016-08-13,0.000275,,,
591,2016-08-14,0.0002724,,,
592,2016-08-15,0.000255,,,
593,2016-08-16,0.0002599,,,
594,2016-08-17,0.000265,,,
595,2016-08-18,0.0002648,,,
596,2016-08-19,0.0002648,,,
597,2016-08-20,0.0002635,,,
598,2016-08-21,0.000262,,,
599,2016-08-22,0.0002615,,,
600,2016-08-23,0.000259,,,
601,2016-08-24,0.000245,,,
602,2016-08-25,0.000245,,,
603,2016-08-26,0.000245,,,
604,2016-08-27,0.000232,,,
605,2016-08-28,0.0002491,,,
606,2016-08-29,0.000245,,,
607,2016-08-30,0.0002451,,,
608,2016-08-31,0.0002451,,,
609,2016-09-01,0.0002451,,,
610,2016-09-02,0.00024,,,
611,2016-09-03,0.000255,,,
612,2016-09-04,0.000245,,,
613,2016-09-05,0.000241,,,
614,2016-09-06,0.000241,,,
615,2016-09-07,0.000241,,,
616,2016-09-08,0.000241,,,
617,2016-09-09,0.000241,,,
618,2016-09-10,0.000241,,,
619,2016-09-11,0.000241,,,
620,2016-09-12,0.000241,,,
621,2016-09-13,0.000241,,,
622,2016-09-14,0.000232,,,
623,2016-09-15,0.0002311,,,
624,2016-09-16,0.00024,,,
625,2016-09-17,0.000241,,,
626,2016-09-18,0.000245,,,
627,2016-09-19,0.000245,,,
628,2016-09-20,0.0002455,,,
629,2016-09-21,0.000246,,,
630,2016-09-22,0.000246,,,
631,2016-09-23,0.000249,,,
632,2016-09-24,0.000241,,,
633,2016-09-25,0.00024,,,
634,2016-09-26,0.00024,,,
635,2016-09-27,0.000239,,,
636,2016-09-28,0.0002391,,,
637,2016-09-29,0.0002391,,,
638,2016-09-30,0.00024,,,
639,2016-10-01,0.0002381,,,
640,2016-10-02,0.0002311,,,
641,2016-10-03,0.0002311,,,
642,2016-10-04,0.0002311,,,
643,2016-10-05,0.0002311,,,
644,2016-10-06,0.0002311,,,
645,2016-10-07,0.0002311,,,
646,2016-10-08,0.0002311,,,
647,2016-10-09,0.0002311,,,
648,2016-10-10,0.0002312,,,
649,2016-10-11,0.00024,,,
650,2016-10-12,0.0002485,,,
651,2016-10-13,0.00023,,,
652,2016-10-14,0.0002297,,,
653,2016-10-15,0.00024,,,
654,2016-10-16,0.0002298,,,
655,2016-10-17,0.0002301,,,
656,2016-10-18,0.000239,,,
657,2016-10-19,0.00023,,,
658,2016-10-20,0.00024,,,
659,2016-10-21,0.00023,,,
660,2016-10-22,0.0002297,,,
661,2016-10-23,0.0002291,,,
662,2016-10-24,0.000229,,,
663,2016-10-25,0.0002439,,,
664,2016-10-26,0.000213,,,
665,2016-10-27,0.00022,,,
666,2016-10-28,0.0002201,,,
667,2016-10-29,0.0002202,,,
668,2016-10-30,0.0002889,,,
669,2016-10-31,0.0002,,,
670,2016-11-01,0.0002233,,,
671,2016-11-02,0.00015,,,
672,2016-11-03,0.0002199,,,
673,2016-11-04,0.0002199,,,
674,2016-11-05,0.000221,,,
675,2016-11-06,0.000221,,,
676,2016-11-07,0.000221,,,
677,2016-11-08,0.000242,,,
678,2016-11-09,0.000225,,,
679,2016-11-10,0.0002214,,,
680,2016-11-11,0.0002215,,,
681,2016-11-12,0.0002214,,,
682,2016-11-13,0.00023,,,
683,2016-11-14,0.0002215,,,
684,2016-11-15,0.00024,,,
685,2016-11-16,0.00024,,,
686,2016-11-17,0.000222,,,
687,2016-11-18,0.0002216,,,
688,2016-11-19,0.0002215,,,
689,2016-11-20,0.0002359,,,
690,2016-11-21,0.0002,,,
691,2016-11-22,0.0002101,,,
692,2016-11-23,0.000231,,,
693,2016-11-24,0.000222,,,
694,2016-11-25,0.0002211,,,
695,2016-11-26,0.0002213,,,
696,2016-11-27,0.0002214,,,
697,2016-11-28,0.0002214,,,
698,2016-11-29,0.000225,,,
699,2016-11-30,0.0002211,,,
700,2016-12-01,0.0002211,,,
701,2016-12-02,0.000215,,,
702,2016-12-03,0.000232,,,
703,2016-12-04,0.00022,,,
704,2016-12-05,0.0002165,,,
705,2016-12-06,0.000215,,,
706,2016-12-07,0.0002103,,,
707,2016-12-08,0.0002103,,,
708,2016-12-09,0.0002115,,,
709,2016-12-10,0.000218,,,
710,2016-12-11,0.00022,,,
711,2016-12-12,0.0002212,,,
712,2016-12-13,0.0002213,,,
713,2016-12-14,0.0002203,,,
714,2016-12-15,0.000221,,,
715,2016-12-16,0.0002211,,,
716,2016-12-17,0.0002192,,,
717,2016-12-18,0.0002192,,,
718,2016-12-19,0.0002172,,,
719,2016-12-20,0.0002175,,,
720,2016-12-21,0.0002181,,,
721,2016-12-22,0.0002186,,,
722,2016-12-23,0.000232,,,
723,2016-12-24,0.0002206,,,
724,2016-12-25,0.000221,,,
725,2016-12-26,0.0002221,,,
726,2016-12-27,0.0002178,,,
727,2016-12-28,0.0002178,,,
728,2016-12-29,0.000225,,,
729,2016-12-30,0.0002256,,,
730,2016-12-31,0.0002256,,,
731,2017-01-01,0.0002265,,,
732,2017-01-02,0.000221,,,
733,2017-01-03,0.0002225,,,
734,2017-01-04,0.0002211,,,
735,2017-01-05,0.00023,,,
736,2017-01-06,0.0002376,,,
737,2017-01-07,0.0002166,,,
738,2017-01-08,0.000222,,,
739,2017-01-09,0.0002225,,,
740,2017-01-10,0.000221,,,
741,2017-01-11,0.000225,,,
742,2017-01-12,0.0002065,,,
743,2017-01-13,0.00022,,,
744,2017-01-14,0.000202,,,
745,2017-01-15,0.000205,,,
746,2017-01-16,0.000215,,,
747,2017-01-17,0.000215,,,
748,2017-01-18,0.0002101,,,
749,2017-01-19,0.000206,,,
750,2017-01-20,0.0002102,,,
751,2017-01-21,0.000207,,,
752,2017-01-22,0.0002,,,
753,2017-01-23,0.000205,,,
754,2017-01-24,0.00021,,,
755,2017-01-25,0.00021,,,
756,2017-01-26,0.000372,,,
757,2017-01-27,0.000204,,,
758,2017-01-28,0.000208,,,
759,2017-01-29,0.00021,,,
760,2017-01-30,0.000204,,,
761,2017-01-31,0.0002101,,,
762,2017-02-01,0.0002086,,,
763,2017-02-02,0.000208,,,
764,2017-02-03,0.0002085,,,
765,2017-02-04,0.000206,,,
766,2017-02-05,0.0002227,,,
767,2017-02-06,0.000205,,,
768,2017-02-07,0.000209,,,
769,2017-02-08,0.00021,,,
770,2017-02-09,0.0002011,,,
771,2017-02-10,0.0002082,,,
772,2017-02-11,0.0002108,,,
773,2017-02-12,0.0002052,,,
774,2017-02-13,0.0002052,,,
775,2017-02-14,0.000208,,,
776,2017-02-15,0.0002061,,,
777,2017-02-16,0.0002063,,,
778,2017-02-17,0.0002168,,,
779,2017-02-18,0.0002012,,,
780,2017-02-19,0.0002014,,,
781,2017-02-20,0.000205,,,
782,2017-02-21,0.00021,,,
783,2017-02-22,0.0002013,,,
784,2017-02-23,0.0002039,,,
785,2017-02-24,0.0002021,,,
786,2017-02-25,0.0002015,,,
787,2017-02-26,0.0002011,,,
788,2017-02-27,0.0002039,,,
789,2017-02-28,0.0002022,,,
790,2017-03-01,0.0001994,,,
791,2017-03-02,0.0001954,,,
792,2017-03-03,0.000199,,,
793,2017-03-04,0.0001974,,,
794,2017-03-05,0.0002039,,,
795,2017-03-06,0.0002017,,,
796,2017-03-07,0.000202,,,
797,2017-03-08,0.0002022,,,
798,2017-03-09,0.0002062,,,
799,2017-03-10,0.0002114,,,
800,2017-03-11,0.0001995,,,
801,2017-03-12,0.0002026,,,
802,2017-03-13,0.00022,,,
803,2017-03-14,0.0002379,,,
804,2017-03-15,0.00022,,,
805,2017-03-16,0.0002282,,,
806,2017-03-17,0.0002259,,,
807,2017-03-18,0.0002104,,,
808,2017-03-19,0.0002214,,,
809,2017-03-20,0.0002174,,,
810,2017-03-21,0.0002297,,,
811,2017-03-22,0.0002428,,,
812,2017-03-23,0.000241,,,
813,2017-03-24,0.000276,,,
814,2017-03-25,0.0002975,,,
815,2017-03-26,0.0002888,,,
816,2017-03-27,0.0002564,,,
817,2017-03-28,0.0002675,,,
818,2017-03-29,0.0002654,,,
819,2017-03-30,0.0003119,,,
820,2017-03-31,0.0003387,,,
821,2017-04-01,0.0003347,,,
822,2017-04-02,0.0005175,,,
823,2017-04-03,0.0004296,,,
824,2017-04-04,0.0004297,,,
825,2017-04-05,0.0004394,,,
826,2017-04-06,0.0004441,,,
827,2017-04-07,0.0003993,,,
828,2017-04-08,0.000424,,,
829,2017-04-09,0.00039,,,
830,2017-04-10,0.0003852,,,
831,2017-04-11,0.0003979,,,
832,2017-04-12,0.0003945,,,
833,2017-04-13,0.0004358,,,
834,2017-04-14,0.0004512,,,
835,2017-04-15,0.0004276,,,
836,2017-04-16,0.0004402,,,
837,2017-04-17,0.0004302,,,
838,2017-04-18,0.0004663,,,
839,2017-04-19,0.0004398,,,
840,2017-04-20,0.0004561,,,
841,2017-04-21,0.0004461,,,
842,2017-04-22,0.000455,,,
843,2017-04-23,0.0005206,,,
844,2017-04-24,0.0005083,,,
845,2017-04-25,0.0005246,,,
846,2017-04-26,0.0005381,,,
847,2017-04-27,0.000544,,,
848,2017-04-28,0.0006735,,,
849,2017-04-29,0.0007474,,,
850,2017-04-30,0.0007257,,,
851,2017-05-01,0.0006611,,,
852,2017-05-02,0.0006341,,,
853,2017-05-03,0.0006375,,,
854,2017-05-04,0.0007258,,,
855,2017-05-05,0.0007984,,,
856,2017-05-06,0.001,,,
857,2017-05-07,0.001302,,,
858,2017-05-08,0.001374,,,
859,2017-05-09,0.001165,,,
860,2017-05-10,0.001255,,,
861,2017-05-11,0.001225,,,
862,2017-05-12,0.00128,,,
863,2017-05-13,0.001137,,,
864,2017-05-14,0.001161,,,
865,2017-05-15,0.001131,,,
866,2017-05-16,0.00104,,,
867,2017-05-17,0.001267,,,
868,2017-05-18,0.001424,,,
869,2017-05-19,0.001439,,,
870,2017-05-20,0.001751,,,
871,2017-05-21,0.002878,,,
872,2017-05-22,0.003329,,,
873,2017-05-23,0.003417,,,
874,2017-05-24,0.003439,,,
875,2017-05-25,0.0031,,,
876,2017-05-26,0.00315,,,
877,2017-05-27,0.002424,,,
878,2017-05-28,0.002372,,,
879,2017-05-29,0.002646,,,
880,2017-05-30,0.00268,,,
881,2017-05-31,0.002421,,,
882,2017-06-01,0.002621,,,
883,2017-06-02,0.002871,,,
884,2017-06-03,0.003209,,,
885,2017-06-04,0.003762,,,
886,2017-06-05,0.003776,,,
887,2017-06-06,0.003535,,,
888,2017-06-07,0.003295,,,
889,2017-06-08,0.003386,,,
890,2017-06-09,0.00336,,,
891,2017-06-10,0.003124,,,
892,2017-06-11,0.003449,,,
893,2017-06-12,0.003,,,
894,2017-06-13,0.003276,,,
895,2017-06-14,0.003038,,,
896,2017-06-15,0.003066,,,
897,2017-06-16,0.00305,,,
898,2017-06-17,0.003193,,,
899,2017-06-18,0.003066,,,
900,2017-06-19,0.003098,,,
901,2017-06-20,0.003133,,,
902,2017-06-21,0.002964,,,
903,2017-06-22,0.003014,,,
904,2017-06-23,0.00304,,,
905,2017-06-24,0.002822,,,
906,2017-06-25,0.002684,,,
907,2017-06-26,0.00251,,,
908,2017-06-27,0.002455,,,
909,2017-06-28,0.002685,,,
910,2017-06-29,0.00261,,,
911,2017-06-30,0.002555,,,
912,2017-07-01,0.002215,,,
913,2017-07-02,0.002439,,,
914,2017-07-03,0.00251,,,
915,2017-07-04,0.002522,,,
916,2017-07-05,0.00265,,,
917,2017-07-06,0.002663,,,
918,2017-07-07,0.002383,,,
919,2017-07-08,0.002376,,,
920,2017-07-09,0.002285,,,
921,2017-07-10,0.001982,,,
922,2017-07-11,0.001801,,,
923,2017-07-12,0.001868,,,
924,2017-07-13,0.001796,,,
925,2017-07-14,0.001658,,,
926,2017-07-15,0.001466,,,
927,2017-07-16,0.001286,,,
928,2017-07-17,0.001562,,,
929,2017-07-18,0.001809,,,
930,2017-07-19,0.001659,,,
931,2017-07-20,0.001892,,,
932,2017-07-21,0.001915,,,
933,2017-07-22,0.00197,,,
934,2017-07-23,0.001993,,,
935,2017-07-24,0.002023,,,
936,2017-07-25,0.00176,,,
937,2017-07-26,0.001785,,,
938,2017-07-27,0.001846,,,
939,2017-07-28,0.001768,,,
940,2017-07-29,0.001743,,,
941,2017-07-30,0.001684,,,
942,2017-07-31,0.001647,,,
943,2017-08-01,0.00178,,,
944,2017-08-02,0.001785,,,
945,2017-08-03,0.001762,,,
946,2017-08-04,0.001777,,,
947,2017-08-05,0.002011,,,
948,2017-08-06,0.001935,,,
949,2017-08-07,0.001881,,,
950,2017-08-08,0.001965,,,
951,2017-08-09,0.001914,,,
952,2017-08-10,0.001934,,,
953,2017-08-11,0.001871,,,
954,2017-08-12,0.001854,,,
955,2017-08-13,0.001779,,,
956,2017-08-14,0.001754,,,
957,2017-08-15,0.001699,,,
958,2017-08-16,0.001707,,,
959,2017-08-17,0.001695,,,
960,2017-08-18,0.00168,,,
961,2017-08-19,0.001668,,,
962,2017-08-20,0.001668,,,
963,2017-08-21,0.001677,,,
964,2017-08-22,0.001699,,,
965,2017-08-23,0.001746,,,
966,2017-08-24,0.001804,,,
967,2017-08-25,0.001724,,,
968,2017-08-26,0.001752,,,
969,2017-08-27,0.001755,,,
970,2017-08-28,0.001794,,,
971,2017-08-29,0.001891,,,
972,2017-08-30,0.002119,,,
973,2017-08-31,0.0021,,,
974,2017-09-01,0.002492,,,
975,2017-09-02,0.002179,,,
976,2017-09-03,0.00216,,,
977,2017-09-04,0.001871,,,
978,2017-09-05,0.002023,,,
979,2017-09-06,0.002031,,,
980,2017-09-07,0.002,,,
981,2017-09-08,0.0018,,,
982,2017-09-09,0.001728,,,
983,2017-09-10,0.001544,,,
984,2017-09-11,0.001522,,,
985,2017-09-12,0.001493,,,
986,2017-09-13,0.001404,,,
987,2017-09-14,0.000953,,,
988,2017-09-15,0.000965,,,
989,2017-09-16,0.000914,,,
990,2017-09-17,0.000865,,,
991,2017-09-18,0.00094,,,
992,2017-09-19,0.000876,,,
993,2017-09-20,0.000838,,,
994,2017-09-21,0.000776,,,
995,2017-09-22,0.000774,,,
996,2017-09-23,0.000944,,,
997,2017-09-24,0.00089,,,
998,2017-09-25,0.001146,,,
999,2017-09-26,0.00115,,,
1000,2017-09-27,0.001159,,,
1001,2017-09-28,0.001109,,,
1002,2017-09-29,0.001089,,,
1003,2017-09-30,0.001168,,,
1004,2017-10-01,0.001076,,,
1005,2017-10-02,0.001051,,,
1006,2017-10-03,0.001023,,,
1007,2017-10-04,0.001014,,,
1008,2017-10-05,0.001007,,,
1009,2017-10-06,0.001024,,,
1010,2017-10-07,0.001042,,,
1011,2017-10-08,0.00106,,,
1012,2017-10-09,0.000976,,,
1013,2017-10-10,0.0009988,,,
1014,2017-10-11,0.001036,,,
1015,2017-10-12,0.001051,,,
1016,2017-10-13,0.00102,,,
1017,2017-10-14,0.001067,,,
1018,2017-10-15,0.001079,,,
1019,2017-10-16,0.001152,,,
1020,2017-10-17,0.001066,,,
1021,2017-10-18,0.001055,,,
1022,2017-10-19,0.001069,,,
1023,2017-10-20,0.001037,,,
1024,2017-10-21,0.00098,,,
1025,2017-10-22,0.001016,,,
1026,2017-10-23,0.00101,,,
1027,2017-10-24,0.00106,,,
1028,2017-10-25,0.001079,,,
1029,2017-10-26,0.00106,,,
1030,2017-10-27,0.001042,,,
1031,2017-10-28,0.001014,,,
1032,2017-10-29,0.001181,,,
1033,2017-10-30,0.00116,,,
1034,2017-10-31,0.00115,,,
1035,2017-11-01,0.001125,,,
1036,2017-11-02,0.00112,,,
1037,2017-11-03,0.001133,,,
1038,2017-11-04,0.001179,,,
1039,2017-11-05,0.001165,,,
1040,2017-11-06,0.001143,,,
1041,2017-11-07,0.001168,,,
1042,2017-11-08,0.001193,,,
1043,2017-11-09,0.001385,,,
1044,2017-11-10,0.001158,,,
1045,2017-11-11,0.001171,,,
1046,2017-11-12,0.00106,,,
1047,2017-11-13,0.001161,,,
1048,2017-11-14,0.00117,,,
1049,2017-11-15,0.001295,,,
1050,2017-11-16,0.00132,,,
1051,2017-11-17,0.001299,,,
1052,2017-11-18,0.00132,,,
1053,2017-11-19,0.001359,,,
1054,2017-11-20,0.001373,,,
1055,2017-11-21,0.001376,,,
1056,2017-11-22,0.001843,,,
1057,2017-11-23,0.001911,,,
1058,2017-11-24,0.001899,,,
1059,2017-11-25,0.002074,,,
1060,2017-11-26,0.001954,,,
1061,2017-11-27,0.001965,,,
1062,2017-11-28,0.00236,,,
1063,2017-11-29,0.002044,,,
1064,2017-11-30,0.002053,,,
1065,2017-12-01,0.002127,,,
1066,2017-12-02,0.002073,,,
1067,2017-12-03,0.002186,,,
1068,2017-12-04,0.002437,,,
1069,2017-12-05,0.002463,,,
1070,2017-12-06,0.002586,,,
1071,2017-12-07,0.002666,,,
1072,2017-12-08,0.002698,,,
1073,2017-12-09,0.002562,,,
1074,2017-12-10,0.002524,,,
1075,2017-12-11,0.002646,,,
1076,2017-12-12,0.003127,,,
1077,2017-12-13,0.003387,,,
1078,2017-12-14,0.003609,,,
1079,2017-12-15,0.003658,,,
1080,2017-12-16,0.005641,,,
1081,2017-12-17,0.005841,,,
1082,2017-12-18,0.00627,,,
1083,2017-12-19,0.005409,,,
1084,2017-12-20,0.006376,,,
1085,2017-12-21,0.0075,,,
1086,2017-12-22,0.006071,,,
1087,2017-12-23,0.006951,,,
1088,2017-12-24,0.008356,,,
1089,2017-12-25,0.008643,,,
1090,2017-12-26,0.009379,,,
1091,2017-12-27,0.008843,,,
1092,2017-12-28,0.008247,,,
1093,2017-12-29,0.009223,,,
1094,2017-12-30,0.007672,,,
1095,2017-12-31,0.008927,,,
1096,2018-01-01,0.008691,,,
1097,2018-01-02,0.008961,,,
1098,2018-01-03,0.009218,,,
1099,2018-01-04,0.009613,,,
1100,2018-01-05,0.01264,,,
1101,2018-01-06,0.01464,,,
1102,2018-01-07,0.017,,,
1103,2018-01-08,0.01472,,,
1104,2018-01-09,0.0131,,,
1105,2018-01-10,0.01283,,,
1106,2018-01-11,0.01119,,,
1107,2018-01-12,0.01257,,,
1108,2018-01-13,0.01226,,,
1109,2018-01-14,0.01124,,,
1110,2018-01-15,0.00973,,,
1111,2018-01-16,0.006551,,,
1112,2018-01-17,0.007626,,,
1113,2018-01-18,0.00753,,,
1114,2018-01-19,0.007787,,,
1115,2018-01-20,0.008355,,,
1116,2018-01-21,0.006982,,,
1117,2018-01-22,0.00665,,,
1118,2018-01-23,0.00662,,,
1119,2018-01-24,0.007251,,,
1120,2018-01-25,0.007483,,,
1121,2018-01-26,0.007151,,,
1122,2018-01-27,0.007383,,,
1123,2018-01-28,0.00761,,,
1124,2018-01-29,0.006945,,,
1125,2018-01-30,0.006006,,,
1126,2018-01-31,0.005942,,,
1127,2018-02-01,0.00505,,,
1128,2018-02-02,0.004489,,,
1129,2018-02-03,0.00514,,,
1130,2018-02-04,0.00433,,,
1131,2018-02-05,0.003506,,,
1132,2018-02-06,0.004439,,,
1133,2018-02-07,0.004285,,,
1134,2018-02-08,0.00457,,,
1135,2018-02-09,0.004993,,,
1136,2018-02-10,0.005,,,
1137,2018-02-11,0.004925,,,
1138,2018-02-12,0.005536,,,
1139,2018-02-13,0.005672,,,
1140,2018-02-14,0.006689,,,
1141,2018-02-15,0.007271,,,
1142,2018-02-16,0.007054,,,
1143,2018-02-17,0.007101,,,
1144,2018-02-18,0.00651,,,
1145,2018-02-19,0.006683,,,
1146,2018-02-20,0.007408,,,
1147,2018-02-21,0.006847,,,
1148,2018-02-22,0.006288,,,
1149,2018-02-23,0.006801,,,
1150,2018-02-24,0.006399,,,
1151,2018-02-25,0.006188,,,
1152,2018-02-26,0.006372,,,
1153,2018-02-27,0.006327,,,
1154,2018-02-28,0.00615,,,
1155,2018-03-01,0.006246,,,
1156,2018-03-02,0.005548,,,
1157,2018-03-03,0.005285,,,
1158,2018-03-04,0.005464,,,
1159,2018-03-05,0.005281,,,
1160,2018-03-06,0.004626,,,
1161,2018-03-07,0.00411,,,
1162,2018-03-08,0.004093,,,
1163,2018-03-09,0.004243,,,
1164,2018-03-10,0.004049,,,
1165,2018-03-11,0.004209,,,
1166,2018-03-12,0.004078,,,
1167,2018-03-13,0.004013,,,
1168,2018-03-14,0.003707,,,
1169,2018-03-15,0.003612,,,
1170,2018-03-16,0.003579,,,
1171,2018-03-17,0.003376,,,
1172,2018-03-18,0.003235,,,
1173,2018-03-19,0.003522,,,
1174,2018-03-20,0.003715,,,
1175,2018-03-21,0.003699,,,
1176,2018-03-22,0.003624,,,
1177,2018-03-23,0.003611,,,
1178,2018-03-24,0.003535,,,
1179,2018-03-25,0.003508,,,
1180,2018-03-26,0.003307,,,
1181,2018-03-27,0.003183,,,
1182,2018-03-28,0.003181,,,
1183,2018-03-29,0.002872,,,
1184,2018-03-30,0.002834,,,
1185,2018-03-31,0.002842,,,
1186,2018-04-01,0.002785,,,
1187,2018-04-02,0.002857,,,
1188,2018-04-03,0.003085,,,
1189,2018-04-04,0.002801,,,
1190,2018-04-05,0.002847,,,
1191,2018-04-06,0.002751,,,
1192,2018-04-07,0.002878,,,
1193,2018-04-08,0.002885,,,
1194,2018-04-09,0.002844,,,
1195,2018-04-10,0.003157,,,
1196,2018-04-11,0.003497,,,
1197,2018-04-12,0.003889,,,
1198,2018-04-13,0.004116,,,
1199,2018-04-14,0.004262,,,
1200,2018-04-15,0.004735,,,
1201,2018-04-16,0.004714,,,
1202,2018-04-17,0.004844,,,
1203,2018-04-18,0.005605,,,
1204,2018-04-19,0.005996,,,
1205,2018-04-20,0.005892,,,
1206,2018-04-21,0.005572,,,
1207,2018-04-22,0.005622,,,
1208,2018-04-23,0.005707,,,
1209,2018-04-24,0.005867,,,
1210,2018-04-25,0.005148,,,
1211,2018-04-26,0.005568,,,
1212,2018-04-27,0.005463,,,
1213,2018-04-28,0.005496,,,
1214,2018-04-29,0.005467,,,
1215,2018-04-30,0.00527,,,
1216,2018-05-01,0.005099,,,
1217,2018-05-02,0.005339,,,
1218,2018-05-03,0.005552,,,
1219,2018-05-04,0.005266,,,
1220,2018-05-05,0.005219,,,
1221,2018-05-06,0.004993,,,
1222,2018-05-07,0.004923,,,
1223,2018-05-08,0.005273,,,
1224,2018-05-09,0.005037,,,
1225,2018-05-10,0.004922,,,
1226,2018-05-11,0.004357,,,
1227,2018-05-12,0.004352,,,
1228,2018-05-13,0.004532,,,
1229,2018-05-14,0.004473,,,
1230,2018-05-15,0.004524,,,
1231,2018-05-16,0.004381,,,
1232,2018-05-17,0.004175,,,
1233,2018-05-18,0.004239,,,
1234,2018-05-19,0.004257,,,
1235,2018-05-20,0.004366,,,
1236,2018-05-21,0.004218,,,
1237,2018-05-22,0.003823,,,
1238,2018-05-23,0.003465,,,
1239,2018-05-24,0.00356,,,
1240,2018-05-25,0.00348,,,
1241,2018-05-26,0.003428,,,
1242,2018-05-27,0.003395,,,
1243,2018-05-28,0.003218,,,
1244,2018-05-29,0.003462,,,
1245,2018-05-30,0.003395,,,
1246,2018-05-31,0.003421,,,
1247,2018-06-01,0.003431,,,
1248,2018-06-02,0.003582,,,
1249,2018-06-03,0.003661,,,
1250,2018-06-04,0.003558,,,
1251,2018-06-05,0.003641,,,
1252,2018-06-06,0.003745,,,
1253,2018-06-07,0.003734,,,
1254,2018-06-08,0.003662,,,
1255,2018-06-09,0.003542,,,
1256,2018-06-10,0.003133,,,
1257,2018-06-11,0.003367,,,
1258,2018-06-12,0.003227,,,
1259,2018-06-13,0.003256,,,
1260,2018-06-14,0.003136,,,
1261,2018-06-15,0.002981,,,
1262,2018-06-16,0.003002,,,
1263,2018-06-17,0.003034,,,
1264,2018-06-18,0.003078,,,
1265,2018-06-19,0.003142,,,
1266,2018-06-20,0.003064,,,
1267,2018-06-21,0.003057,,,
1268,2018-06-22,0.002778,,,
1269,2018-06-23,0.002732,,,
1270,2018-06-24,0.002601,,,
1271,2018-06-25,0.002593,,,
1272,2018-06-26,0.002523,,,
1273,2018-06-27,0.0025,,,
1274,2018-06-28,0.002417,,,
1275,2018-06-29,0.002472,,,
1276,2018-06-30,0.002574,,,
1277,2018-07-01,0.002538,,,
1278,2018-07-02,0.002735,,,
1279,2018-07-03,0.002707,,,
1280,2018-07-04,0.0027,,,
1281,2018-07-05,0.002638,,,
1282,2018-07-06,0.002685,,,
1283,2018-07-07,0.00265,,,
1284,2018-07-08,0.002697,,,
1285,2018-07-09,0.002612,,,
1286,2018-07-10,0.00247,,,
1287,2018-07-11,0.002519,,,
1288,2018-07-12,0.002379,,,
1289,2018-07-13,0.002499,,,
1290,2018-07-14,0.002479,,,
1291,2018-07-15,0.002543,,,
1292,2018-07-16,0.00281,,,
1293,2018-07-17,0.003303,,,
1294,2018-07-18,0.003631,,,
1295,2018-07-19,0.003836,,,
1296,2018-07-20,0.0034,,,
1297,2018-07-21,0.003563,,,
1298,2018-07-22,0.003468,,,
1299,2018-07-23,0.003367,,,
1300,2018-07-24,0.003626,,,
1301,2018-07-25,0.00353,,,
1302,2018-07-26,0.003343,,,
1303,2018-07-27,0.003469,,,
1304,2018-07-28,0.003387,,,
1305,2018-07-29,0.003233,,,
1306,2018-07-30,0.003236,,,
1307,2018-07-31,0.002973,,,
1308,2018-08-01,0.003023,,,
1309,2018-08-02,0.002983,,,
1310,2018-08-03,0.002988,,,
1311,2018-08-04,0.002874,,,
1312,2018-08-05,0.00289,,,
1313,2018-08-06,0.002829,,,
1314,2018-08-07,0.002717,,,
1315,2018-08-08,0.002511,,,
1316,2018-08-09,0.002655,,,
1317,2018-08-10,0.002519,,,
1318,2018-08-11,0.00256,,,
1319,2018-08-12,0.002532,,,
1320,2018-08-13,0.002394,,,
1321,2018-08-14,0.002477,,,
1322,2018-08-15,0.002389,,,
1323,2018-08-16,0.002282,,,
1324,2018-08-17,0.00254,,,
1325,2018-08-18,0.002472,,,
1326,2018-08-19,0.002493,,,
1327,2018-08-20,0.002488,,,
1328,2018-08-21,0.002472,,,
1329,2018-08-22,0.002421,,,
1330,2018-08-23,0.002425,,,
1331,2018-08-24,0.002468,,,
1332,2018-08-25,0.002441,,,
1333,2018-08-26,0.002479,,,
1334,2018-08-27,0.002489,,,
1335,2018-08-28,0.00259,,,
1336,2018-08-29,0.002662,,,
1337,2018-08-30,0.0031,,,
1338,2018-08-31,0.004753,,,
1339,2018-09-01,0.006061,,,
1340,2018-09-02,0.004817,,,
1341,2018-09-03,0.005174,,,
1342,2018-09-04,0.005282,,,
1343,2018-09-05,0.004982,,,
1344,2018-09-06,0.005031,,,
1345,2018-09-07,0.005364,,,
1346,2018-09-08,0.0059,,,
1347,2018-09-09,0.005873,,,
1348,2018-09-10,0.007001,,,
1349,2018-09-11,0.006443,,,
1350,2018-09-12,0.006448,,,
1351,2018-09-13,0.006512,,,
1352,2018-09-14,0.006115,,,
1353,2018-09-15,0.006199,,,
1354,2018-09-16,0.006516,,,
1355,2018-09-17,0.006272,,,
1356,2018-09-18,0.005967,,,
1357,2018-09-19,0.005607,,,
1358,2018-09-20,0.005687,,,
1359,2018-09-21,0.005679,,,
1360,2018-09-22,0.00576,,,
1361,2018-09-23,0.005878,,,
1362,2018-09-24,0.005755,,,
1363,2018-09-25,0.005731,,,
1364,2018-09-26,0.005818,,,
1365,2018-09-27,0.005924,,,
1366,2018-09-28,0.005963,,,
1367,2018-09-29,0.005881,,,
1368,2018-09-30,0.005905,,,
1369,2018-10-01,0.005986,,,
1370,2018-10-02,0.005909,,,
1371,2018-10-03,0.005728,,,
1372,2018-10-04,0.005673,,,
1373,2018-10-05,0.005617,,,
1374,2018-10-06,0.005547,,,
1375,2018-10-07,0.005599,,,
1376,2018-10-08,0.005581,,,
1377,2018-10-09,0.005621,,,
1378,2018-10-10,0.005667,,,
1379,2018-10-11,0.004875,,,
1380,2018-10-12,0.005236,,,
1381,2018-10-13,0.005131,,,
1382,2018-10-14,0.005052,,,
1383,2018-10-15,0.005111,,,
1384,2018-10-16,0.005102,,,
1385,2018-10-17,0.004548,,,
1386,2018-10-18,0.004384,,,
1387,2018-10-19,0.004569,,,
1388,2018-10-20,0.004504,,,
1389,2018-10-21,0.004479,,,
1390,2018-10-22,0.004337,,,
1391,2018-10-23,0.004223,,,
1392,2018-10-24,0.004031,,,
1393,2018-10-25,0.003777,,,
1394,2018-10-26,0.003939,,,
1395,2018-10-27,0.004227,,,
1396,2018-10-28,0.004111,,,
1397,2018-10-29,0.003873,,,
1398,2018-10-30,0.003972,,,
1399,2018-10-31,0.004028,,,
1400,2018-11-01,0.003831,,,
1401,2018-11-02,0.003872,,,
1402,2018-11-03,0.003874,,,
1403,2018-11-04,0.00383,,,
1404,2018-11-05,0.003651,,,
1405,2018-11-06,0.003692,,,
1406,2018-11-07,0.00364,,,
1407,2018-11-08,0.003442,,,
1408,2018-11-09,0.003221,,,
1409,2018-11-10,0.003335,,,
1410,2018-11-11,0.003175,,,
1411,2018-11-12,0.003094,,,
1412,2018-11-13,0.002993,,,
1413,2018-11-14,0.002863,,,
1414,2018-11-15,0.003023,,,
1415,2018-11-16,0.002915,,,
1416,2018-11-17,0.002708,,,
1417,2018-11-18,0.002625,,,
1418,2018-11-19,0.002432,,,
1419,2018-11-20,0.002414,,,
1420,2018-11-21,0.002484,,,
1421,2018-11-22,0.002408,,,
1422,2018-11-23,0.002304,,,
1423,2018-11-24,0.00222,,,
1424,2018-11-25,0.00228,,,
1425,2018-11-26,0.002069,,,
1426,2018-11-27,0.002081,,,
1427,2018-11-28,0.002236,,,
1428,2018-11-29,0.00224,,,
1429,2018-11-30,0.002166,,,
1430,2018-12-01,0.002227,,,
1431,2018-12-02,0.002184,,,
1432,2018-12-03,0.002149,,,
1433,2018-12-04,0.00218,,,
1434,2018-12-05,0.002224,,,
1435,2018-12-06,0.002107,,,
1436,2018-12-07,0.002138,,,
1437,2018-12-08,0.002085,,,
1438,2018-12-09,0.00208,,,
1439,2018-12-10,0.002078,,,
1440,2018-12-11,0.002025,,,
1441,2018-12-12,0.00204,,,
1442,2018-12-13,0.002006,,,
1443,2018-12-14,0.00204,,,
1444,2018-12-15,0.00201,,,
1445,2018-12-16,0.002135,,,
1446,2018-12-17,0.002523,,,
1447,2018-12-18,0.002493,,,
1448,2018-12-19,0.002683,,,
1449,2018-12-20,0.002604,,,
1450,2018-12-21,0.002476,,,
1451,2018-12-22,0.002427,,,
1452,2018-12-23,0.002436,,,
1453,2018-12-24,0.002514,,,
1454,2018-12-25,0.002411,,,
1455,2018-12-26,0.002413,,,
1456,2018-12-27,0.00235,,,
1457,2018-12-28,0.002411,,,
1458,2018-12-29,0.00239,,,
1459,2018-12-30,0.002375,,,
1460,2018-12-31,0.00233,,,
1461,2019-01-01,0.002394,,,
1462,2019-01-02,0.002395,,,
1463,2019-01-03,0.002334,,,
1464,2019-01-04,0.002235,,,
1465,2019-01-05,0.00224,,,
1466,2019-01-06,0.002294,,,
1467,2019-01-07,0.002272,,,
1468,2019-01-08,0.002205,,,
1469,2019-01-09,0.002207,,,
1470,2019-01-10,0.002123,,,
1471,2019-01-11,0.002114,,,
1472,2019-01-12,0.002115,,,
1473,2019-01-13,0.002063,,,
1474,2019-01-14,0.00211,,,
1475,2019-01-15,0.002087,,,
1476,2019-01-16,0.00207,,,
1477,2019-01-17,0.002085,,,
1478,2019-01-18,0.002056,,,
1479,2019-01-19,0.002118,,,
1480,2019-01-20,0.002074,,,
1481,2019-01-21,0.002036,,,
1482,2019-01-22,0.002017,,,
1483,2019-01-23,0.002,,,
1484,2019-01-24,0.002069,,,
1485,2019-01-25,0.002042,,,
1486,2019-01-26,0.002039,,,
1487,2019-01-27,0.002022,,,
1488,2019-01-28,0.001916,,,
1489,2019-01-29,0.001882,,,
1490,2019-01-30,0.001915,,,
1491,2019-01-31,0.001922,,,
1492,2019-02-01,0.00187,,,
1493,2019-02-02,0.001877,,,
1494,2019-02-03,0.001825,,,
1495,2019-02-04,0.00186,,,
1496,2019-02-05,0.00184,,,
1497,2019-02-06,0.001755,,,
1498,2019-02-07,0.001783,,,
1499,2019-02-08,0.001878,,,
1500,2019-02-09,0.001834,,,
1501,2019-02-10,0.001843,,,
1502,2019-02-11,0.001853,,,
1503,2019-02-12,0.001817,,,
1504,2019-02-13,0.001867,,,
1505,2019-02-14,0.001881,,,
1506,2019-02-15,0.001882,,,
1507,2019-02-16,0.001912,,,
1508,2019-02-17,0.001965,,,
1509,2019-02-18,0.001992,,,
1510,2019-02-19,0.002039,,,
1511,2019-02-20,0.002069,,,
1512,2019-02-21,0.002037,,,
1513,2019-02-22,0.002069,,,
1514,2019-02-23,0.002073,,,
1515,2019-02-24,0.001965,,,
1516,2019-02-25,0.002024,,,
1517,2019-02-26,0.002002,,,
1518,2019-02-27,0.002002,,,
1519,2019-02-28,0.001974,,,
1520,2019-03-01,0.001989,,,
1521,2019-03-02,0.002009,,,
1522,2019-03-03,0.002006,,,
1523,2019-03-04,0.001976,,,
1524,2019-03-05,0.001963,,,
1525,2019-03-06,0.001977,,,
1526,2019-03-07,0.00203,,,
1527,2019-03-08,0.001986,,,
1528,2019-03-09,0.001997,,,
1529,2019-03-10,0.00199,,,
1530,2019-03-11,0.001973,,,
1531,2019-03-12,0.002049,,,
1532,2019-03-13,0.002031,,,
1533,2019-03-14,0.002058,,,
1534,2019-03-15,0.00206,,,
1535,2019-03-16,0.002115,,,
1536,2019-03-17,0.002092,,,
1537,2019-03-18,0.002111,,,
1538,2019-03-19,0.002088,,,
1539,2019-03-20,0.002089,,,
1540,2019-03-21,0.002065,,,
1541,2019-03-22,0.002035,,,
1542,2019-03-23,0.002055,,,
1543,2019-03-24,0.002045,,,
1544,2019-03-25,0.002064,,,
1545,2019-03-26,0.002057,,,
1546,2019-03-27,0.002106,,,
1547,2019-03-28,0.002082,,,
1548,2019-03-29,0.002116,,,
1549,2019-03-30,0.002112,,,
1550,2019-03-31,0.002089,,,
1551,2019-04-01,0.002449,,,
1552,2019-04-02,0.002814,,,
1553,2019-04-03,0.00319,,,
1554,2019-04-04,0.003584,,,
1555,2019-04-05,0.003564,,,
1556,2019-04-06,0.003434,,,
1557,2019-04-07,0.003405,,,
1558,2019-04-08,0.003027,,,
1559,2019-04-09,0.002908,,,
1560,2019-04-10,0.003078,,,
1561,2019-04-11,0.002796,,,
1562,2019-04-12,0.002827,,,
1563,2019-04-13,0.002902,,,
1564,2019-04-14,0.002891,,,
1565,2019-04-15,0.002821,,,
1566,2019-04-16,0.002809,,,
1567,2019-04-17,0.002845,,,
1568,2019-04-18,0.002963,,,
1569,2019-04-19,0.002901,,,
1570,2019-04-20,0.002887,,,
1571,2019-04-21,0.002782,,,
1572,2019-04-22,0.002787,,,
1573,2019-04-23,0.00274,,,
1574,2019-04-24,0.002657,,,
1575,2019-04-25,0.002501,,,
1576,2019-04-26,0.002541,,,
1577,2019-04-27,0.002582,,,
1578,2019-04-28,0.002547,,,
1579,2019-04-29,0.002466,,,
1580,2019-04-30,0.002497,,,
1581,2019-05-01,0.002539,,,
1582,2019-05-02,0.002573,,,
1583,2019-05-03,0.002663,,,
1584,2019-05-04,0.002647,,,
1585,2019-05-05,0.002598,,,
1586,2019-05-06,0.002525,,,
1587,2019-05-07,0.002478,,,
1588,2019-05-08,0.002478,,,
1589,2019-05-09,0.002482,,,
1590,2019-05-10,0.002525,,,
1591,2019-05-11,0.002693,,,
1592,2019-05-12,0.002568,,,
1593,2019-05-13,0.002666,,,
1594,2019-05-14,0.002987,,,
1595,2019-05-15,0.003219,,,
1596,2019-05-16,0.003089,,,
1597,2019-05-17,0.00288,,,
1598,2019-05-18,0.002991,,,
1599,2019-05-19,0.003086,,,
1600,2019-05-20,0.002937,,,
1601,2019-05-21,0.003045,,,
1602,2019-05-22,0.002908,,,
1603,2019-05-23,0.002927,,,
1604,2019-05-24,0.002969,,,
1605,2019-05-25,0.002943,,,
1606,2019-05-26,0.00297,,,
1607,2019-05-27,0.003024,,,
1608,2019-05-28,0.003052,,,
1609,2019-05-29,0.003068,,,
1610,2019-05-30,0.003209,,,
1611,2019-05-31,0.003355,,,
1612,2019-06-01,0.003351,,,
1613,2019-06-02,0.003316,,,
1614,2019-06-03,0.003106,,,
1615,2019-06-04,0.002981,,,
1616,2019-06-05,0.003025,,,
1617,2019-06-06,0.003131,,,
1618,2019-06-07,0.003114,,,
1619,2019-06-08,0.003073,,,
1620,2019-06-09,0.003027,,,
1621,2019-06-10,0.003046,,,
1622,2019-06-11,0.003094,,,
1623,2019-06-12,0.003037,,,
1624,2019-06-13,0.003111,,,
1625,2019-06-14,0.003062,,,
1626,2019-06-15,0.003069,,,
1627,2019-06-16,0.003064,,,
1628,2019-06-17,0.003091,,,
1629,2019-06-18,0.003061,,,
1630,2019-06-19,0.003089,,,
1631,2019-06-20,0.003068,,,
1632,2019-06-21,0.003168,,,
1633,2019-06-22,0.003175,,,
1634,2019-06-23,0.003222,,,
1635,2019-06-24,0.00329,,,
1636,2019-06-25,0.003248,,,
1637,2019-06-26,0.003282,,,
1638,2019-06-27,0.00322,,,
1639,2019-06-28,0.003308,,,
1640,2019-06-29,0.003367,,,
1641,2019-06-30,0.003266,,,
1642,2019-07-01,0.003202,,,
1643,2019-07-02,0.003138,,,
1644,2019-07-03,0.003163,,,
1645,2019-07-04,0.00322,,,
1646,2019-07-05,0.003785,,,
1647,2019-07-06,0.003505,,,
1648,2019-07-07,0.003531,,,
1649,2019-07-08,0.003512,,,
1650,2019-07-09,0.003531,,,
1651,2019-07-10,0.003345,,,
1652,2019-07-11,0.003209,,,
1653,2019-07-12,0.003289,,,
1654,2019-07-13,0.003262,,,
1655,2019-07-14,0.003056,,,
1656,2019-07-15,0.003121,,,
1657,2019-07-16,0.002855,,,
1658,2019-07-17,0.002969,,,
1659,2019-07-18,0.003098,,,
1660,2019-07-19,0.003057,,,
1661,2019-07-20,0.003137,,,
1662,2019-07-21,0.003075,,,
1663,2019-07-22,0.003024,,,
1664,2019-07-23,0.002932,,,
1665,2019-07-24,0.002975,,,
1666,2019-07-25,0.002961,,,
1667,2019-07-26,0.002923,,,
1668,2019-07-27,0.002884,,,
1669,2019-07-28,0.002838,,,
1670,2019-07-29,0.002895,,,
1671,2019-07-30,0.002858,,,
1672,2019-07-31,0.002887,,,
1673,2019-08-01,0.002992,,,
1674,2019-08-02,0.0029,,,
1675,2019-08-03,0.002907,,,
1676,2019-08-04,0.002967,,,
1677,2019-08-05,0.003077,,,
1678,2019-08-06,0.002925,,,
1679,2019-08-07,0.002979,,,
1680,2019-08-08,0.002908,,,
1681,2019-08-09,0.002916,,,
1682,2019-08-10,0.002912,,,
1683,2019-08-11,0.002883,,,
1684,2019-08-12,0.002876,,,
1685,2019-08-13,0.002827,,,
1686,2019-08-14,0.002759,,,
1687,2019-08-15,0.002727,,,
1688,2019-08-16,0.002687,,,
1689,2019-08-17,0.002648,,,
1690,2019-08-18,0.002741,,,
1691,2019-08-19,0.002802,,,
1692,2019-08-20,0.002798,,,
1693,2019-08-21,0.002667,,,
1694,2019-08-22,0.002697,,,
1695,2019-08-23,0.002662,,,
1696,2019-08-24,0.002632,,,
1697,2019-08-25,0.002647,,,
1698,2019-08-26,0.00266,,,
1699,2019-08-27,0.002609,,,
1700,2019-08-28,0.002564,,,
1701,2019-08-29,0.00248,,,
1702,2019-08-30,0.002516,,,
1703,2019-08-31,0.002516,,,
1704,2019-09-01,0.002536,,,
1705,2019-09-02,0.002635,,,
1706,2019-09-03,0.002576,,,
1707,2019-09-04,0.002556,,,
1708,2019-09-05,0.002554,,,
1709,2019-09-06,0.002473,,,
1710,2019-09-07,0.002523,,,
1711,2019-09-08,0.002497,,,
1712,2019-09-09,0.002478,,,
1713,2019-09-10,0.002478,,,
1714,2019-09-11,0.002467,,,
1715,2019-09-12,0.002421,,,
1716,2019-09-13,0.00247,,,
1717,2019-09-14,0.002441,,,
1718,2019-09-15,0.002522,,,
1719,2019-09-16,0.00244,,,
1720,2019-09-17,0.002578,,,
1721,2019-09-18,0.002724,,,
1722,2019-09-19,0.00276,,,
1723,2019-09-20,0.002677,,,
1724,2019-09-21,0.002617,,,
1725,2019-09-22,0.00261,,,
1726,2019-09-23,0.002537,,,
1727,2019-09-24,0.002358,,,
1728,2019-09-25,0.002297,,,
1729,2019-09-26,0.00226,,,
1730,2019-09-27,0.002218,,,
1731,2019-09-28,0.002323,,,
1732,2019-09-29,0.00232,,,
1733,2019-09-30,0.002449,,,
1734,2019-10-01,0.002474,,,
1735,2019-10-02,0.002379,,,
1736,2019-10-03,0.00236,,,
1737,2019-10-04,0.002385,,,
1738,2019-10-05,0.002389,,,
1739,2019-10-06,0.002365,,,
1740,2019-10-07,0.00245,,,
1741,2019-10-08,0.002412,,,
1742,2019-10-09,0.00246,,,
1743,2019-10-10,0.002326,,,
1744,2019-10-11,0.002379,,,
1745,2019-10-12,0.00239,,,
1746,2019-10-13,0.002534,,,
1747,2019-10-14,0.002577,,,
1748,2019-10-15,0.00257,,,
1749,2019-10-16,0.002751,,,
1750,2019-10-17,0.002875,,,
1751,2019-10-18,0.002802,,,
1752,2019-10-19,0.002899,,,
1753,2019-10-20,0.002823,,,
1754,2019-10-21,0.002774,,,
1755,2019-10-22,0.002662,,,
1756,2019-10-23,0.002563,,,
1757,2019-10-24,0.00269,,,
1758,2019-10-25,0.002742,,,
1759,2019-10-26,0.002654,,,
1760,2019-10-27,0.002745,,,
1761,2019-10-28,0.002727,,,
1762,2019-10-29,0.002705,,,
1763,2019-10-30,0.002577,,,
1764,2019-10-31,0.002652,,,
1765,2019-11-01,0.002647,,,
1766,2019-11-02,0.002603,,,
1767,2019-11-03,0.00269,,,
1768,2019-11-04,0.002664,,,
1769,2019-11-05,0.002636,,,
1770,2019-11-06,0.002655,,,
1771,2019-11-07,0.002729,,,
1772,2019-11-08,0.0027,,,
1773,2019-11-09,0.002724,,,
1774,2019-11-10,0.002806,,,
1775,2019-11-11,0.002722,,,
1776,2019-11-12,0.002767,,,
1777,2019-11-13,0.00272,,,
1778,2019-11-14,0.002734,,,
1779,2019-11-15,0.002737,,,
1780,2019-11-16,0.002718,,,
1781,2019-11-17,0.00269,,,
1782,2019-11-18,0.002624,,,
1783,2019-11-19,0.002575,,,
1784,2019-11-20,0.002602,,,
1785,2019-11-21,0.002486,,,
1786,2019-11-22,0.002485,,,
1787,2019-11-23,0.00247,,,
1788,2019-11-24,0.002387,,,
1789,2019-11-25,0.002399,,,
1790,2019-11-26,0.00231,,,
1791,2019-11-27,0.002408,,,
1792,2019-11-28,0.002368,,,
1793,2019-11-29,0.002394,,,
1794,2019-11-30,0.002442,,,
1795,2019-12-01,0.002395,,,
1796,2019-12-02,0.002283,,,
1797,2019-12-03,0.00223,,,
1798,2019-12-04,0.002218,,,
1799,2019-12-05,0.002296,,,
1800,2019-12-06,0.002279,,,
1801,2019-12-07,0.002243,,,
1802,2019-12-08,0.002282,,,
1803,2019-12-09,0.002268,,,
1804,2019-12-10,0.002203,,,
1805,2019-12-11,0.002238,,,
1806,2019-12-12,0.002232,,,
1807,2019-12-13,0.002233,,,
1808,2019-12-14,0.002231,,,
1809,2019-12-15,0.002194,,,
1810,2019-12-16,0.002221,,,
1811,2019-12-17,0.002084,,,
1812,2019-12-18,0.002171,,,
1813,2019-12-19,0.002122,,,
1814,2019-12-20,0.002105,,,
1815,2019-12-21,0.002074,,,
1816,2019-12-22,0.00215,,,
1817,2019-12-23,0.002161,,,
1818,2019-12-24,0.002086,,,
1819,2019-12-25,0.002083,,,
1820,2019-12-26,0.002107,,,
1821,2019-12-27,0.002108,,,
1822,2019-12-28,0.002149,,,
1823,2019-12-29,0.002113,,,
1824,2019-12-30,0.002092,,,
1825,2019-12-31,0.00207,,,
0,2020-01-01,0.002124,,,
1,2020-01-02,0.002089,,,
2,2020-01-03,0.002109,,,
3,2020-01-04,0.002108,,,
4,2020-01-05,0.002126,,,
5,2020-01-06,0.002191,,,
6,2020-01-07,0.002198,,,
7,2020-01-08,0.002188,,,
8,2020-01-09,0.002188,,,
9,2020-01-10,0.002297,,,
10,2020-01-11,0.002231,,,
11,2020-01-12,0.002276,,,
12,2020-01-13,0.002246,,,
13,2020-01-14,0.002385,,,
14,2020-01-15,0.002436,,,
15,2020-01-16,0.002388,,,
16,2020-01-17,0.002464,,,
17,2020-01-18,0.002532,,,
18,2020-01-19,0.002439,,,
19,2020-01-20,0.002445,,,
20,2020-01-21,0.002399,,,
21,2020-01-22,0.002433,,,
22,2020-01-23,0.002334,,,
23,2020-01-24,0.002342,,,
24,2020-01-25,0.002335,,,
25,2020-01-26,0.002301,,,
26,2020-01-27,0.002394,,,
27,2020-01-28,0.002387,,,
28,2020-01-29,0.002434,,,
29,2020-01-30,0.002412,,,
30,2020-01-31,0.002411,,,
31,2020-02-01,0.002428,,,
32,2020-02-02,0.002474,,,
33,2020-02-03,0.002475,,,
34,2020-02-04,0.002512,,,
35,2020-02-05,0.002601,,,
36,2020-02-06,0.002706,,,
37,2020-02-07,0.002763,,,
38,2020-02-08,0.003157,,,
39,2020-02-09,0.003225,,,
40,2020-02-10,0.002958,,,
41,2020-02-11,0.003029,,,
42,2020-02-12,0.003039,,,
43,2020-02-13,0.002988,,,
44,2020-02-14,0.003095,,,
45,2020-02-15,0.002895,,,
46,2020-02-16,0.002727,,,
47,2020-02-17,0.002724,,,
48,2020-02-18,0.002868,,,
49,2020-02-19,0.002624,,,
50,2020-02-20,0.002661,,,
51,2020-02-21,0.002699,,,
52,2020-02-22,0.002622,,,
53,2020-02-23,0.002677,,,
54,2020-02-24,0.002667,,,
55,2020-02-25,0.002597,,,
56,2020-02-26,0.002388,,,
57,2020-02-27,0.002502,,,
58,2020-02-28,0.002486,,,
59,2020-02-29,0.00227,,,
60,2020-03-01,0.002404,,,
61,2020-03-02,0.002443,,,
62,2020-03-03,0.002525,,,
63,2020-03-04,0.002552,,,
64,2020-03-05,0.002561,,,
65,2020-03-06,0.002551,,,
66,2020-03-07,0.002478,,,
67,2020-03-08,0.002229,,,
68,2020-03-09,0.002208,,,
69,2020-03-10,0.002314,,,
70,2020-03-11,0.00229,,,
71,2020-03-12,0.001541,,,
72,2020-03-13,0.00177,,,
73,2020-03-14,0.00181,,,
74,2020-03-15,0.001967,,,
75,2020-03-16,0.001575,,,
76,2020-03-17,0.001636,,,
77,2020-03-18,0.001806,,,
78,2020-03-19,0.001877,,,
79,2020-03-20,0.001909,,,
80,2020-03-21,0.001922,,,
81,2020-03-22,0.001913,,,
82,2020-03-23,0.001955,,,
83,2020-03-24,0.002074,,,
84,2020-03-25,0.001987,,,
85,2020-03-26,0.001963,,,
86,2020-03-27,0.001822,,,
87,2020-03-28,0.001926,,,
88,2020-03-29,0.001729,,,
89,2020-03-30,0.001894,,,
90,2020-03-31,0.001838,,,
91,2020-04-01,0.001902,,,
92,2020-04-02,0.001927,,,
93,2020-04-03,0.001923,,,
94,2020-04-04,0.001886,,,
95,2020-04-05,0.001932,,,
96,2020-04-06,0.00197,,,
97,2020-04-07,0.001995,,,
98,2020-04-08,0.002022,,,
99,2020-04-09,0.002012,,,
100,2020-04-10,0.002,,,
101,2020-04-11,0.001976,,,
102,2020-04-12,0.002033,,,
103,2020-04-13,0.001962,,,
104,2020-04-14,0.00201,,,
105,2020-04-15,0.001979,,,
106,2020-04-16,0.002036,,,
107,2020-04-17,0.002058,,,
108,2020-04-18,0.00209,,,
109,2020-04-19,0.002077,,,
110,2020-04-20,0.002049,,,
111,2020-04-21,0.002027,,,
112,2020-04-22,0.002038,,,
113,2020-04-23,0.002062,,,
114,2020-04-24,0.002067,,,
115,2020-04-25,0.002118,,,
116,2020-04-26,0.002416,,,
117,2020-04-27,0.002349,,,
118,2020-04-28,0.002295,,,
119,2020-04-29,0.002429,,,
120,2020-04-30,0.002464,,,
121,2020-05-01,0.002492,,,
122,2020-05-02,0.002521,,,
123,2020-05-03,0.002544,,,
124,2020-05-04,0.002445,,,
125,2020-05-05,0.00245,,,
126,2020-05-06,0.002511,,,
127,2020-05-07,0.002612,,,
128,2020-05-08,0.002603,,,
129,2020-05-09,0.00257,,,
130,2020-05-10,0.00252,,,
131,2020-05-11,0.002438,,,
132,2020-05-12,0.002506,,,
133,2020-05-13,0.002515,,,
134,2020-05-14,0.002593,,,
135,2020-05-15,0.002513,,,
136,2020-05-16,0.002469,,,
137,2020-05-17,0.002539,,,
138,2020-05-18,0.00255,,,
139,2020-05-19,0.002522,,,
140,2020-05-20,0.002528,,,
141,2020-05-21,0.00251,,,
142,2020-05-22,0.002524,,,
143,2020-05-23,0.002549,,,
144,2020-05-24,0.002522,,,
145,2020-05-25,0.002539,,,
146,2020-05-26,0.00255,,,
147,2020-05-27,0.002515,,,
148,2020-05-28,0.002521,,,
149,2020-05-29,0.002493,,,
150,2020-05-30,0.002629,,,
151,2020-05-31,0.002544,,,
152,2020-06-01,0.00264,,,
153,2020-06-02,0.002552,,,
154,2020-06-03,0.002573,,,
155,2020-06-04,0.00267,,,
156,2020-06-05,0.002601,,,
157,2020-06-06,0.002591,,,
158,2020-06-07,0.002599,,,
159,2020-06-08,0.002556,,,
160,2020-06-09,0.002504,,,
161,2020-06-10,0.002555,,,
162,2020-06-11,0.00247,,,
163,2020-06-12,0.002527,,,
164,2020-06-13,0.002478,,,
165,2020-06-14,0.002493,,,
166,2020-06-15,0.002456,,,
167,2020-06-16,0.002479,,,
168,2020-06-17,0.002476,,,
169,2020-06-18,0.002447,,,
170,2020-06-19,0.002458,,,
171,2020-06-20,0.002448,,,
172,2020-06-21,0.002436,,,
173,2020-06-22,0.002477,,,
174,2020-06-23,0.002474,,,
175,2020-06-24,0.002423,,,
176,2020-06-25,0.002429,,,
177,2020-06-26,0.002398,,,
178,2020-06-27,0.002379,,,
179,2020-06-28,0.002389,,,
180,2020-06-29,0.00233,,,
181,2020-06-30,0.002379,,,
182,2020-07-01,0.002353,,,
183,2020-07-02,0.00233,,,
184,2020-07-03,0.002337,,,
185,2020-07-04,0.002344,,,
186,2020-07-05,0.002323,,,
187,2020-07-06,0.002632,,,
188,2020-07-07,0.003103,,,
189,2020-07-08,0.004748,,,
190,2020-07-09,0.004317,,,
191,2020-07-10,0.003521,,,
192,2020-07-11,0.003806,,,
193,2020-07-12,0.003648,,,
194,2020-07-13,0.003164,,,
195,2020-07-14,0.003301,,,
196,2020-07-15,0.003093,,,
197,2020-07-16,0.002993,,,
198,2020-07-17,0.003056,,,
199,2020-07-18,0.003486,,,
200,2020-07-19,0.003384,,,
201,2020-07-20,0.003228,,,
202,2020-07-21,0.0033,,,
203,2020-07-22,0.003292,,,
204,2020-07-23,0.003303,,,
205,2020-07-24,0.003201,,,
206,2020-07-25,0.003284,,,
207,2020-07-26,0.003254,,,
208,2020-07-27,0.003172,,,
209,2020-07-28,0.003191,,,
210,2020-07-29,0.003216,,,
211,2020-07-30,0.003231,,,
212,2020-07-31,0.003206,,,
213,2020-08-01,0.003706,,,
214,2020-08-02,0.003334,,,
215,2020-08-03,0.0034,,,
216,2020-08-04,0.003533,,,
217,2020-08-05,0.003504,,,
218,2020-08-06,0.003563,,,
219,2020-08-07,0.003461,,,
220,2020-08-08,0.003503,,,
221,2020-08-09,0.003431,,,
222,2020-08-10,0.003497,,,
223,2020-08-11,0.003396,,,
224,2020-08-12,0.00347,,,
225,2020-08-13,0.003491,,,
226,2020-08-14,0.00356,,,
227,2020-08-15,0.003541,,,
228,2020-08-16,0.003523,,,
229,2020-08-17,0.003588,,,
230,2020-08-18,0.003506,,,
231,2020-08-19,0.003397,,,
232,2020-08-20,0.003492,,,
233,2020-08-21,0.003378,,,
234,2020-08-22,0.003401,,,
235,2020-08-23,0.003405,,,
236,2020-08-24,0.003403,,,
237,2020-08-25,0.0033,,,
238,2020-08-26,0.00328,,,
239,2020-08-27,0.0032,,,
240,2020-08-28,0.003241,,,
241,2020-08-29,0.0033,,,
242,2020-08-30,0.003308,,,
243,2020-08-31,0.003286,,,
244,2020-09-01,0.003306,,,
245,2020-09-02,0.0031,,,
246,2020-09-03,0.002864,,,
247,2020-09-04,0.002816,,,
248,2020-09-05,0.002755,,,
249,2020-09-06,0.002787,,,
250,2020-09-07,0.0028,,,
251,2020-09-08,0.002721,,,
252,2020-09-09,0.002774,,,
253,2020-09-10,0.002802,,,
254,2020-09-11,0.002799,,,
255,2020-09-12,0.002801,,,
256,2020-09-13,0.002774,,,
257,2020-09-14,0.002791,,,
258,2020-09-15,0.002894,,,
259,2020-09-16,0.002803,,,
260,2020-09-17,0.002806,,,
261,2020-09-18,0.002785,,,
262,2020-09-19,0.002782,,,
263,2020-09-20,0.002774,,,
264,2020-09-21,0.002608,,,
265,2020-09-22,0.002696,,,
266,2020-09-23,0.002545,,,
267,2020-09-24,0.002682,,,
268,2020-09-25,0.002699,,,
269,2020-09-26,0.002693,,,
270,2020-09-27,0.002712,,,
271,2020-09-28,0.002653,,,
272,2020-09-29,0.002697,,,
273,2020-09-30,0.00263,,,
274,2020-10-01,0.002619,,,
275,2020-10-02,0.002588,,,
276,2020-10-03,0.002599,,,
277,2020-10-04,0.002652,,,
278,2020-10-05,0.002617,,,
279,2020-10-06,0.002602,,,
280,2020-10-07,0.002651,,,
281,2020-10-08,0.002599,,,
282,2020-10-09,0.002602,,,
283,2020-10-10,0.002602,,,
284,2020-10-11,0.002672,,,
285,2020-10-12,0.002681,,,
286,2020-10-13,0.002638,,,
287,2020-10-14,0.002653,,,
288,2020-10-15,0.00269,,,
289,2020-10-16,0.002609,,,
290,2020-10-17,0.00261,,,
291,2020-10-18,0.002604,,,
292,2020-10-19,0.002594,,,
293,2020-10-20,0.002597,,,
294,2020-10-21,0.00264,,,
295,2020-10-22,0.002647,,,
296,2020-10-23,0.00265,,,
297,2020-10-24,0.002662,,,
298,2020-10-25,0.002651,,,
299,2020-10-26,0.002673,,,
300,2020-10-27,0.002712,,,
301,2020-10-28,0.002646,,,
302,2020-10-29,0.002598,,,
303,2020-10-30,0.002598,,,
304,2020-10-31,0.002603,,,
305,2020-11-01,0.002579,,,
306,2020-11-02,0.002517,,,
307,2020-11-03,0.002558,,,
308,2020-11-04,0.002552,,,
309,2020-11-05,0.002695,,,
310,2020-11-06,0.002759,,,
311,2020-11-07,0.002679,,,
312,2020-11-08,0.002735,,,
313,2020-11-09,0.002703,,,
314,2020-11-10,0.002774,,,
315,2020-11-11,0.002778,,,
316,2020-11-12,0.002778,,,
317,2020-11-13,0.002897,,,
318,2020-11-14,0.002702,,,
319,2020-11-15,0.002759,,,
320,2020-11-16,0.002902,,,
321,2020-11-17,0.002945,,,
322,2020-11-18,0.002907,,,
323,2020-11-19,0.003055,,,
324,2020-11-20,0.002996,,,
325,2020-11-21,0.003561,,,
326,2020-11-22,0.003401,,,
327,2020-11-23,0.00365,,,
328,2020-11-24,0.004271,,,
329,2020-11-25,0.003708,,,
330,2020-11-26,0.003218,,,
331,2020-11-27,0.003296,,,
332,2020-11-28,0.00345,,,
333,2020-11-29,0.003443,,,
334,2020-11-30,0.003541,,,
335,2020-12-01,0.003336,,,
336,2020-12-02,0.003356,,,
337,2020-12-03,0.003494,,,
338,2020-12-04,0.003294,,,
339,2020-12-05,0.00334,,,
340,2020-12-06,0.003403,,,
341,2020-12-07,0.003376,,,
342,2020-12-08,0.003163,,,
343,2020-12-09,0.003153,,,
344,2020-12-10,0.00316,,,
345,2020-12-11,0.003083,,,
346,2020-12-12,0.003173,,,
347,2020-12-13,0.003225,,,
348,2020-12-14,0.003227,,,
349,2020-12-15,0.00319,,,
350,2020-12-16,0.003423,,,
351,2020-12-17,0.00371,,,
352,2020-12-18,0.003863,,,
353,2020-12-19,0.00393,,,
354,2020-12-20,0.004613,,,
355,2020-12-21,0.00479,,,
356,2020-12-22,0.004511,,,
357,2020-12-23,0.003771,,,
358,2020-12-24,0.004552,,,
359,2020-12-25,0.004605,,,
360,2020-12-26,0.004501,,,
361,2020-12-27,0.00454,,,
362,2020-12-28,0.004572,,,
363,2020-12-29,0.004442,,,
364,2020-12-30,0.00462,,,
365,2020-12-31,0.004619,,,
366,2021-01-01,0.005699,,,
367,2021-01-02,0.01058,,,
368,2021-01-03,0.009826,,,
369,2021-01-04,0.009776,,,
370,2021-01-05,0.009994,,,
371,2021-01-06,0.01043,,,
372,2021-01-07,0.009725,,,
373,2021-01-08,0.009796,,,
374,2021-01-09,0.01023,,,
375,2021-01-10,0.009887,,,
376,2021-01-11,0.008784,,,
377,2021-01-12,0.008064,,,
378,2021-01-13,0.008698,,,
379,2021-01-14,0.009395,,,
380,2021-01-15,0.00938,,,
381,2021-01-16,0.00927,,,
382,2021-01-17,0.009131,,,
383,2021-01-18,0.009187,,,
384,2021-01-19,0.009078,,,
385,2021-01-20,0.009066,,,
386,2021-01-21,0.008119,,,
387,2021-01-22,0.008488,,,
388,2021-01-23,0.008572,,,
389,2021-01-24,0.008713,,,
390,2021-01-25,0.008338,,,
391,2021-01-26,0.008269,,,
392,2021-01-27,0.007471,,,
393,2021-01-28,0.03678,,,
394,2021-01-29,0.0458,,,
395,2021-01-30,0.02833,,,
396,2021-01-31,0.03705,,,
397,2021-02-01,0.03476,,,
398,2021-02-02,0.03129,,,
399,2021-02-03,0.03735,,,
400,2021-02-04,0.05309,,,
401,2021-02-05,0.04682,,,
402,2021-02-06,0.05767,,,
403,2021-02-07,0.07812,,,
404,2021-02-08,0.07881,,,
405,2021-02-09,0.07005,,,
406,2021-02-10,0.0727,,,
407,2021-02-11,0.06975,,,
408,2021-02-12,0.07006,,,
409,2021-02-13,0.06633,,,
410,2021-02-14,0.0627,,,
411,2021-02-15,0.05655,,,
412,2021-02-16,0.05352,,,
413,2021-02-17,0.0495,,,
414,2021-02-18,0.05897,,,
415,2021-02-19,0.0551,,,
416,2021-02-20,0.05422,,,
417,2021-02-21,0.05613,,,
418,2021-02-22,0.0536,,,
419,2021-02-23,0.04769,,,
420,2021-02-24,0.05685,,,
421,2021-02-25,0.04993,,,
422,2021-02-26,0.05057,,,
423,2021-02-27,0.05014,,,
424,2021-02-28,0.04825,,,
425,2021-03-01,0.05064,,,
426,2021-03-02,0.05041,,,
427,2021-03-03,0.05064,,,
428,2021-03-04,0.04999,,,
429,2021-03-05,0.04963,,,
430,2021-03-06,0.0511,,,
431,2021-03-07,0.0521,,,
432,2021-03-08,0.06316,,,
433,2021-03-09,0.05805,,,
434,2021-03-10,0.05593,,,
435,2021-03-11,0.05597,,,
436,2021-03-12,0.05526,,,
437,2021-03-13,0.06268,,,
438,2021-03-14,0.05844,,,
439,2021-03-15,0.05701,,,
440,2021-03-16,0.05864,,,
441,2021-03-17,0.05797,,,
442,2021-03-18,0.05734,,,
443,2021-03-19,0.05829,,,
444,2021-03-20,0.05887,,,
445,2021-03-21,0.0575,,,
446,2021-03-22,0.05499,,,
447,2021-03-23,0.05345,,,
448,2021-03-24,0.0516,,,
449,2021-03-25,0.05138,,,
450,2021-03-26,0.05392,,,
451,2021-03-27,0.0544,,,
452,2021-03-28,0.05368,,,
453,2021-03-29,0.05415,,,
454,2021-03-30,0.05404,,,
455,2021-03-31,0.05376,,,
456,2021-04-01,0.06221,,,
457,2021-04-02,0.05763,,,
458,2021-04-03,0.05561,,,
459,2021-04-04,0.05748,,,
460,2021-04-05,0.05992,,,
461,2021-04-06,0.06436,,,
462,2021-04-07,0.05877,,,
463,2021-04-08,0.06184,,,
464,2021-04-09,0.06159,,,
465,2021-04-10,0.06385,,,
466,2021-04-11,0.07418,,,
467,2021-04-12,0.07076,,,
468,2021-04-13,0.09406,,,
469,2021-04-14,0.1211,,,
470,2021-04-15,0.1828,,,
471,2021-04-16,0.3659,,,
472,2021-04-17,0.2829,,,
473,2021-04-18,0.3229,,,
474,2021-04-19,0.4098,,,
475,2021-04-20,0.3171,,,
476,2021-04-21,0.306,,,
477,2021-04-22,0.2611,,,
478,2021-04-23,0.2498,,,
479,2021-04-24,0.2705,,,
480,2021-04-25,0.2516,,,
481,2021-04-26,0.2713,,,
482,2021-04-27,0.2724,,,
483,2021-04-28,0.3237,,,
484,2021-04-29,0.3051,,,
485,2021-04-30,0.3384,,,
486,2021-05-01,0.3913,,,
487,2021-05-02,0.3738,,,
488,2021-05-03,0.4413,,,
489,2021-05-04,0.5387,,,
490,2021-05-05,0.6543,,,
491,2021-05-06,0.5812,,,
492,2021-05-07,0.6894,,,
493,2021-05-08,0.6368,,,
494,2021-05-09,0.5704,,,
495,2021-05-10,0.4506,,,
496,2021-05-11,0.4945,,,
497,2021-05-12,0.3924,,,
498,2021-05-13,0.4918,,,
499,2021-05-14,0.5603,,,
500,2021-05-15,0.5081,,,
501,2021-05-16,0.5151,,,
502,2021-05-17,0.4877,,,
503,2021-05-18,0.4762,,,
504,2021-05-19,0.3313,,,
505,2021-05-20,0.3993,,,
506,2021-05-21,0.3588,,,
507,2021-05-22,0.3421,,,
508,2021-05-23,0.3068,,,
509,2021-05-24,0.3659,,,
510,2021-05-25,0.3463,,,
511,2021-05-26,0.3531,,,
512,2021-05-27,0.3337,,,
513,2021-05-28,0.3113,,,
514,2021-05-29,0.303,,,
515,2021-05-30,0.3021,,,
516,2021-05-31,0.3257,,,
517,2021-06-01,0.3701,,,
518,2021-06-02,0.4235,,,
519,2021-06-03,0.4005,,,
520,2021-06-04,0.3762,,,
521,2021-06-05,0.3717,,,
522,2021-06-06,0.3713,,,
523,2021-06-07,0.3316,,,
524,2021-06-08,0.3265,,,
525,2021-06-09,0.3431,,,
526,2021-06-10,0.3261,,,
527,2021-06-11,0.3189,,,
528,2021-06-12,0.3119,,,
529,2021-06-13,0.3242,,,
530,2021-06-14,0.3276,,,
531,2021-06-15,0.3203,,,
532,2021-06-16,0.3077,,,
533,2021-06-17,0.306,,,
534,2021-06-18,0.2931,,,
535,2021-06-19,0.286,,,
536,2021-06-20,0.2802,,,
537,2021-06-21,0.1783,,,
538,2021-06-22,0.1905,,,
539,2021-06-23,0.235,,,
540,2021-06-24,0.2634,,,
541,2021-06-25,0.238,,,
542,2021-06-26,0.2453,,,
543,2021-06-27,0.2648,,,
544,2021-06-28,0.257,,,
545,2021-06-29,0.2631,,,
546,2021-06-30,0.2541,,,
547,2021-07-01,0.2443,,,
548,2021-07-02,0.2452,,,
549,2021-07-03,0.2464,,,
550,2021-07-04,0.2466,,,
551,2021-07-05,0.2313,,,
552,2021-07-06,0.2343,,,
553,2021-07-07,0.2241,,,
554,2021-07-08,0.2071,,,
555,2021-07-09,0.2198,,,
556,2021-07-10,0.2137,,,
557,2021-07-11,0.2158,,,
558,2021-07-12,0.2081,,,
559,2021-07-13,0.1999,,,
560,2021-07-14,0.1975,,,
561,2021-07-15,0.1851,,,
562,2021-07-16,0.172,,,
563,2021-07-17,0.187,,,
564,2021-07-18,0.1818,,,
565,2021-07-19,0.1735,,,
566,2021-07-20,0.1705,,,
567,2021-07-21,0.1903,,,
568,2021-07-22,0.1912,,,
569,2021-07-23,0.1948,,,
570,2021-07-24,0.1971,,,
571,2021-07-25,0.198,,,
572,2021-07-26,0.2039,,,
573,2021-07-27,0.206,,,
574,2021-07-28,0.2056,,,
575,2021-07-29,0.2048,,,
576,2021-07-30,0.2088,,,
577,2021-07-31,0.2079,,,
578,2021-08-01,0.2045,,,
579,2021-08-02,0.2034,,,
580,2021-08-03,0.196,,,
581,2021-08-04,0.2014,,,
582,2021-08-05,0.2009,,,
583,2021-08-06,0.2047,,,
584,2021-08-07,0.2618,,,
585,2021-08-08,0.2401,,,
586,2021-08-09,0.2564,,,
587,2021-08-10,0.2574,,,
588,2021-08-11,0.2648,,,
589,2021-08-12,0.2642,,,
590,2021-08-13,0.2869,,,
591,2021-08-14,0.2941,,,
592,2021-08-15,0.3403,,,
593,2021-08-16,0.3196,,,
594,2021-08-17,0.2993,,,
595,2021-08-18,0.3031,,,
596,2021-08-19,0.3178,,,
597,2021-08-20,0.3274,,,
598,2021-08-21,0.3169,,,
599,2021-08-22,0.3149,,,
600,2021-08-23,0.3179,,,
601,2021-08-24,0.2888,,,
602,2021-08-25,0.2926,,,
603,2021-08-26,0.2684,,,
604,2021-08-27,0.2945,,,
605,2021-08-28,0.2858,,,
606,2021-08-29,0.281,,,
607,2021-08-30,0.272,,,
608,2021-08-31,0.2783,,,
609,2021-09-01,0.2946,,,
610,2021-09-02,0.2947,,,
611,2021-09-03,0.2962,,,
612,2021-09-04,0.2994,,,
613,2021-09-05,0.3145,,,
614,2021-09-06,0.3092,,,
615,2021-09-07,0.2547,,,
616,2021-09-08,0.2568,,,
617,2021-09-09,0.2525,,,
618,2021-09-10,0.2397,,,
619,2021-09-11,0.2411,,,
620,2021-09-12,0.2504,,,
621,2021-09-13,0.2359,,,
622,2021-09-14,0.2406,,,
623,2021-09-15,0.2477,,,
624,2021-09-16,0.2421,,,
625,2021-09-17,0.2398,,,
626,2021-09-18,0.2414,,,
627,2021-09-19,0.2329,,,
628,2021-09-20,0.2084,,,
629,2021-09-21,0.2007,,,
630,2021-09-22,0.2246,,,
631,2021-09-23,0.2246,,,
632,2021-09-24,0.2094,,,
633,2021-09-25,0.2085,,,
634,2021-09-26,0.2052,,,
635,2021-09-27,0.1998,,,
636,2021-09-28,0.1967,,,
637,2021-09-29,0.1986,,,
638,2021-09-30,0.2042,,,
639,2021-10-01,0.2229,,,
640,2021-10-02,0.2187,,,
641,2021-10-03,0.2218,,,
642,2021-10-04,0.2414,,,
643,2021-10-05,0.2519,,,
644,2021-10-06,0.2544,,,
645,2021-10-07,0.2429,,,
646,2021-10-08,0.2439,,,
647,2021-10-09,0.2467,,,
648,2021-10-10,0.2289,,,
649,2021-10-11,0.2313,,,
650,2021-10-12,0.2261,,,
651,2021-10-13,0.2326,,,
652,2021-10-14,0.2326,,,
653,2021-10-15,0.2341,,,
654,2021-10-16,0.2373,,,
655,2021-10-17,0.2378,,,
656,2021-10-18,0.2472,,,
657,2021-10-19,0.2455,,,
658,2021-10-20,0.2547,,,
659,2021-10-21,0.2424,,,
660,2021-10-22,0.2444,,,
661,2021-10-23,0.2511,,,
662,2021-10-24,0.2758,,,
663,2021-10-25,0.2649,,,
664,2021-10-26,0.2557,,,
665,2021-10-27,0.2375,,,
666,2021-10-28,0.2998,,,
667,2021-10-29,0.288,,,
668,2021-10-30,0.269,,,
669,2021-10-31,0.2802,,,
670,2021-11-01,0.2717,,,
671,2021-11-02,0.2741,,,
672,2021-11-03,0.269,,,
673,2021-11-04,0.2633,,,
674,2021-11-05,0.2611,,,
675,2021-11-06,0.2619,,,
676,2021-11-07,0.2666,,,
677,2021-11-08,0.2822,,,
678,2021-11-09,0.2735,,,
679,2021-11-10,0.2557,,,
680,2021-11-11,0.2607,,,
681,2021-11-12,0.2597,,,
682,2021-11-13,0.2614,,,
683,2021-11-14,0.2628,,,
684,2021-11-15,0.2568,,,
685,2021-11-16,0.2369,,,
686,2021-11-17,0.2378,,,
687,2021-11-18,0.2216,,,
688,2021-11-19,0.2333,,,
689,2021-11-20,0.2333,,,
690,2021-11-21,0.2261,,,
691,2021-11-22,0.2197,,,
692,2021-11-23,0.2269,,,
693,2021-11-24,0.2174,,,
694,2021-11-25,0.2214,,,
695,2021-11-26,0.2021,,,
696,2021-11-27,0.2052,,,
697,2021-11-28,0.2078,,,
698,2021-11-29,0.2151,,,
699,2021-11-30,0.2145,,,
700,2021-12-01,0.2093,,,
701,2021-12-02,0.2095,,,
702,2021-12-03,0.2,,,
703,2021-12-04,0.179,,,
704,2021-12-05,0.1717,,,
705,2021-12-06,0.1783,,,
706,2021-12-07,0.1765,,,
707,2021-12-08,0.1792,,,
708,2021-12-09,0.1692,,,
709,2021-12-10,0.1642,,,
710,2021-12-11,0.1689,,,
711,2021-12-12,0.1698,,,
712,2021-12-13,0.1574,,,
713,2021-12-14,0.1911,,,
714,2021-12-15,0.1811,,,
715,2021-12-16,0.1777,,,
716,2021-12-17,0.1703,,,
717,2021-12-18,0.1727,,,
718,2021-12-19,0.1692,,,
719,2021-12-20,0.1679,,,
720,2021-12-21,0.1712,,,
721,2021-12-22,0.1759,,,
722,2021-12-23,0.1823,,,
723,2021-12-24,0.1908,,,
724,2021-12-25,0.1926,,,
725,2021-12-26,0.1908,,,
726,2021-12-27,0.1898,,,
727,2021-12-28,0.1747,,,
728,2021-12-29,0.1713,,,
729,2021-12-30,0.1716,,,
730,2021-12-31,0.1704,,,
731,2022-01-01,0.1722,,,
732,2022-01-02,0.1736,,,
733,2022-01-03,0.1693,,,
734,2022-01-04,0.1689,,,
735,2022-01-05,0.1595,,,
736,2022-01-06,0.1603,,,
737,2022-01-07,0.1547,,,
738,2022-01-08,0.1517,,,
739,2022-01-09,0.152,,,
740,2022-01-10,0.1438,,,
741,2022-01-11,0.1528,,,
742,2022-01-12,0.1605,,,
743,2022-01-13,0.1703,,,
744,2022-01-14,0.1896,,,
745,2022-01-15,0.1864,,,
746,2022-01-16,0.1773,,,
747,2022-01-17,0.167,,,
748,2022-01-18,0.1664,,,
749,2022-01-19,0.162,,,
750,2022-01-20,0.1549,,,
751,2022-01-21,0.146,,,
752,2022-01-22,0.1332,,,
753,2022-01-23,0.1373,,,
754,2022-01-24,0.1371,,,
755,2022-01-25,0.1421,,,
756,2022-01-26,0.1417,,,
757,2022-01-27,0.1385,,,
758,2022-01-28,0.1417,,,
759,2022-01-29,0.1431,,,
760,2022-01-30,0.1393,,,
761,2022-01-31,0.1413,,,
762,2022-02-01,0.1425,,,
763,2022-02-02,0.1381,,,
764,2022-02-03,0.1368,,,
765,2022-02-04,0.1454,,,
766,2022-02-05,0.1478,,,
767,2022-02-06,0.1529,,,
768,2022-02-07,0.1687,,,
769,2022-02-08,0.1582,,,
770,2022-02-09,0.1592,,,
771,2022-02-10,0.1529,,,
772,2022-02-11,0.1466,,,
773,2022-02-12,0.143,,,
774,2022-02-13,0.1543,,,
775,2022-02-14,0.1455,,,
776,2022-02-15,0.1495,,,
777,2022-02-16,0.1491,,,
778,2022-02-17,0.1401,,,
779,2022-02-18,0.1388,,,
780,2022-02-19,0.1403,,,
781,2022-02-20,0.1367,,,
782,2022-02-21,0.1302,,,
783,2022-02-22,0.1301,,,
784,2022-02-23,0.1285,,,
785,2022-02-24,0.1238,,,
786,2022-02-25,0.1249,,,
787,2022-02-26,0.1284,,,
788,2022-02-27,0.1227,,,
789,2022-02-28,0.1292,,,
790,2022-03-01,0.1328,,,
791,2022-03-02,0.1339,,,
792,2022-03-03,0.1292,,,
793,2022-03-04,0.1235,,,
794,2022-03-05,0.1245,,,
795,2022-03-06,0.122,,,
796,2022-03-07,0.1164,,,
797,2022-03-08,0.1164,,,
798,2022-03-09,0.1211,,,
799,2022-03-10,0.1166,,,
800,2022-03-11,0.1163,,,
801,2022-03-12,0.1155,,,
802,2022-03-13,0.1134,,,
803,2022-03-14,0.1123,,,
804,2022-03-15,0.1135,,,
805,2022-03-16,0.1163,,,
806,2022-03-17,0.1172,,,
807,2022-03-18,0.1186,,,
808,2022-03-19,0.1235,,,
809,2022-03-20,0.1196,,,
810,2022-03-21,0.1199,,,
811,2022-03-22,0.1233,,,
812,2022-03-23,0.1286,,,
813,2022-03-24,0.1375,,,
814,2022-03-25,0.1314,,,
815,2022-03-26,0.135,,,
816,2022-03-27,0.1434,,,
817,2022-03-28,0.1466,,,
818,2022-03-29,0.1428,,,
819,2022-03-30,0.1433,,,
820,2022-03-31,0.1391,,,
821,2022-04-01,0.142,,,
822,2022-04-02,0.1405,,,
823,2022-04-03,0.1463,,,
824,2022-04-04,0.1478,,,
825,2022-04-05,0.1686,,,
826,2022-04-06,0.1463,,,
827,2022-04-07,0.1442,,,
828,2022-04-08,0.1438,,,
829,2022-04-09,0.1436,,,
830,2022-04-10,0.1528,,,
831,2022-04-11,0.1336,,,
832,2022-04-12,0.1369,,,
833,2022-04-13,0.1398,,,
834,2022-04-14,0.1436,,,
835,2022-04-15,0.1454,,,
836,2022-04-16,0.1439,,,
837,2022-04-17,0.1431,,,
838,2022-04-18,0.14,,,
839,2022-04-19,0.1423,,,
840,2022-04-20,0.1419,,,
841,2022-04-21,0.1365,,,
842,2022-04-22,0.136,,,
843,2022-04-23,0.1355,,,
844,2022-04-24,0.1321,,,
845,2022-04-25,0.1603,,,
846,2022-04-26,0.1417,,,
847,2022-04-27,0.139,,,
848,2022-04-28,0.1362,,,
849,2022-04-29,0.135,,,
850,2022-04-30,0.1311,,,
851,2022-05-01,0.1319,,,
852,2022-05-02,0.1314,,,
853,2022-05-03,0.1292,,,
854,2022-05-04,0.1356,,,
855,2022-05-05,0.1285,,,
856,2022-05-06,0.127,,,
857,2022-05-07,0.1261,,,
858,2022-05-08,0.1258,,,
859,2022-05-09,0.1078,,,
860,2022-05-10,0.108,,,
861,2022-05-11,0.08286,,,
862,2022-05-12,0.08108,,,
863,2022-05-13,0.09054,,,
864,2022-05-14,0.08802,,,
865,2022-05-15,0.09231,,,
866,2022-05-16,0.08834,,,
867,2022-05-17,0.09031,,,
868,2022-05-18,0.0852,,,
869,2022-05-19,0.08581,,,
870,2022-05-20,0.08352,,,
871,2022-05-21,0.08396,,,
872,2022-05-22,0.0854,,,
873,2022-05-23,0.08405,,,
874,2022-05-24,0.0831,,,
875,2022-05-25,0.08368,,,
876,2022-05-26,0.07886,,,
877,2022-05-27,0.0809,,,
878,2022-05-28,0.08131,,,
879,2022-05-29,0.08265,,,
880,2022-05-30,0.0874,,,
881,2022-05-31,0.08599,,,
882,2022-06-01,0.08008,,,
883,2022-06-02,0.08246,,,
884,2022-06-03,0.08097,,,
885,2022-06-04,0.08173,,,
886,2022-06-05,0.08187,,,
887,2022-06-06,0.08219,,,
888,2022-06-07,0.08167,,,
889,2022-06-08,0.07987,,,
890,2022-06-09,0.07939,,,
891,2022-06-10,0.07586,,,
892,2022-06-11,0.0704,,,
893,2022-06-12,0.06562,,,
894,2022-06-13,0.05529,,,
895,2022-06-14,0.05343,,,
896,2022-06-15,0.05944,,,
897,2022-06-16,0.0559,,,
898,2022-06-17,0.05694,,,
899,2022-06-18,0.05182,,,
900,2022-06-19,0.06121,,,
901,2022-06-20,0.05927,,,
902,2022-06-21,0.06584,,,
903,2022-06-22,0.06196,,,
904,2022-06-23,0.06342,,,
905,2022-06-24,0.06782,,,
906,2022-06-25,0.06836,,,
907,2022-06-26,0.07665,,,
908,2022-06-27,0.07197,,,
909,2022-06-28,0.06764,,,
910,2022-06-29,0.07024,,,
911,2022-06-30,0.06355,,,
912,2022-07-01,0.06603,,,
913,2022-07-02,0.06699,,,
914,2022-07-03,0.06698,,,
915,2022-07-04,0.06845,,,
916,2022-07-05,0.06815,,,
917,2022-07-06,0.06825,,,
918,2022-07-07,0.07046,,,
919,2022-07-08,0.06892,,,
920,2022-07-09,0.06968,,,
921,2022-07-10,0.06732,,,
922,2022-07-11,0.06287,,,
923,2022-07-12,0.06013,,,
924,2022-07-13,0.06055,,,
925,2022-07-14,0.06176,,,
926,2022-07-15,0.06347,,,
927,2022-07-16,0.06397,,,
928,2022-07-17,0.06442,,,
929,2022-07-18,0.06586,,,
930,2022-07-19,0.06969,,,
931,2022-07-20,0.07117,,,
932,2022-07-21,0.06997,,,
933,2022-07-22,0.06755,,,
934,2022-07-23,0.06726,,,
935,2022-07-24,0.06851,,,
936,2022-07-25,0.06445,,,
937,2022-07-26,0.06126,,,
938,2022-07-27,0.06548,,,
939,2022-07-28,0.06961,,,
940,2022-07-29,0.06909,,,
941,2022-07-30,0.06935,,,
942,2022-07-31,0.06985,,,
943,2022-08-01,0.06819,,,
944,2022-08-02,0.06744,,,
945,2022-08-03,0.06741,,,
946,2022-08-04,0.06645,,,
947,2022-08-05,0.06947,,,
948,2022-08-06,0.06925,,,
949,2022-08-07,0.0696,,,
950,2022-08-08,0.07014,,,
951,2022-08-09,0.06936,,,
952,2022-08-10,0.07125,,,
953,2022-08-11,0.07137,,,
954,2022-08-12,0.07169,,,
955,2022-08-13,0.07334,,,
956,2022-08-14,0.08004,,,
957,2022-08-15,0.07695,,,
958,2022-08-16,0.08563,,,
959,2022-08-17,0.08013,,,
960,2022-08-18,0.07758,,,
961,2022-08-19,0.06794,,,
962,2022-08-20,0.06973,,,
963,2022-08-21,0.06972,,,
964,2022-08-22,0.06737,,,
965,2022-08-23,0.06855,,,
966,2022-08-24,0.0688,,,
967,2022-08-25,0.06914,,,
968,2022-08-26,0.06531,,,
969,2022-08-27,0.0629,,,
970,2022-08-28,0.06368,,,
971,2022-08-29,0.06344,,,
972,2022-08-30,0.06144,,,
973,2022-08-31,0.06231,,,
974,2022-09-01,0.06239,,,
975,2022-09-02,0.06147,,,
976,2022-09-03,0.06237,,,
977,2022-09-04,0.06312,,,
978,2022-09-05,0.06219,,,
979,2022-09-06,0.05899,,,
980,2022-09-07,0.06128,,,
981,2022-09-08,0.06079,,,
982,2022-09-09,0.06313,,,
983,2022-09-10,0.06427,,,
984,2022-09-11,0.06304,,,
985,2022-09-12,0.06382,,,
986,2022-09-13,0.05999,,,
987,2022-09-14,0.06114,0.06149,0.05923,0.05966
988,2022-09-15,0.05946,0.06122,0.05851,0.06116
989,2022-09-16,0.05947,0.06011,0.05812,0.05863
